"","Sequence"
"1","CCTGGCGGCCATAGCGCGGTGGTCCCACCTGATCCCATGCCGAACTCAGAAGTGAAACGCCGTAGCGCCGATGGTAGTGTGGGGTCTCCCCATGCGAGAGTAGGACACTGCCAGGC"
"2","GGTTAAGCGACTAAGCGTACACGGTGGATGCCTAGGCAGTCAGAGGCGATGAAGGGCGTGCTAATCTGCGAAAAGCGTCGGTAAGCTGATATGAAGCGTTATAACCGACGATACCCGAATGGGGAAACCCAGTGCAATACGTTGCACTATCGTTAGATGAATACATAGTCTAACGAGGCGAACCGGGGGAACTGAAACATCTAAGTACCCCGAGGAAAAGAAATCAACCGAGATTCCCCCAGTAGCGGCGAGCGAACGGGGAGGAGCCCAGAGTCTGAATCAGTTTGTGTGTTAGTGGAAGCGTCTGGAAAGTCGCACGGTACAGGGTGATAGTCCCGTACACCAAAATGCACAGGCTGTGAACTCGATGAGTAGGGCGGGACACGTGACATCCTGTCTGAATATGGGGGGACCATCCTCCAAGGCTAAATACTCCTGACTGACCGATAGTGAACCAGTACCGTGAGGGAAAGGCGAAAAGAACCCCGGCGAGGGGAGTGAAATAGAACCTGAAACCGTGTACGTACAAGCAGTGGGAGCACCTTCGTGGTGTGACTGCGTACCTTTTGTATAATGGGTCAGCGACTTATATTTTGTAGCAAGGTTAACCGAATAGGGGAGCCGTAGGGAAACCGAGTCTTAACTGGGCGTCTAGTTGCAAGGTATAGACCCGAAACCCGGTGATCTAGCCATGGGCAGGTTGAAGGTTGGGTAACACTAACTGGAGGACCGAACCGACTAATGTTGAAAAATTAGCGGATGACTTGTGGCTGGGGGTGAAAGGCCAATCAAACCGGGAGATAGCTGGTTCTCCCCGAAAGCTATTTAGGTAGCGCCTCGTGAACTCATCTTCGGGGGTAGAGCACTGTTTCGGCTAGGGGGCCATCCCGGCTTACCAAACCGATGCAAACTCCGAATACCGAAGAATGTTATCACGGGAGACACACGGCGGGTGCTAACGTCCGTCGTGAAGAGGGAAACAACCCAGACCGCCAGCTAAGGTCCCAAAGTCATGGTTAAGTGGGAAACGATGTGGGAAGGCACAGACAGCCAGGATGTTGGCTTAGAAGCAGCCATCATTTAAAGAAAGCGTAATAGCTCACTGGTCGAGTCGGCCTGCGCGGAAGATGTAACGGGGCTAAACCATGCACCGAAGCTGCGGCAGCGACACTTAGGTGTTGTTGGGTAGGGGAGCGTTCTGTAAGCCGTTGAAGGTGACCTGTGAGGGTTGCTGGAGGTATCAGAAGTGCGAATGCTGACATAAGTAACGATAATGCGGGTGAAAAACCCGCACGCCGGAAGACCAAGGGTTCCTGTCCAACGTTAATCGGGGCAGGGTGAGTCGACCCCTAAGGCGAGGCTGAAAAGCGTAGTCGATGGGAAACAGGTTAATATTCCTGTACTTGGTGTTACTGCGAAGGGGGGACGGAGAAGGCTAGGCTGGCCGGGCGACGGTTGTCCCGGTTTAAGCGTGTAGGGGGAGTGACCAGGTAAATCCGGTTGCTTATCAACCCTGAGGCGTGATGACGATGCACCACGGTGCAGAAGCAGTTGATGCCATGCTTCCAGGAAAAGCCTCTAAGCATCAGGTAACATTAAATCGTACCCCAAACCGACACAGGTGGTCAGGTAGAGAATACTCAGGCGCTTGAGAGAACTCGGGTGAAGGAACTAGGCAAAATGGTGCCGTAACTTCGGGAGAAGGCACGCTGGCGTTAGGTGAAAGGACTAGCTCCTGGAGCTGAAGCCAGTCGCAGATACCAGCTGGCTGCAACTGTTTAATAAAAACACAGCACTGTGCAAACACGAAAGTGGACGTATACGGTGTGACGCCTGCCCGGTGCTGGAAGGTTAATTGATGGGGTCAGCCGCAAGGCGAAGCTCTTGATCGAAGCCCCAGTAAACGGCGGCCGTAACTATAACGGTCCTAAGGTAGCGAAATTCCTTGTCGGGTAAGTTCCGACCTGCACGAATGGCGTAATGATGGCCAGGCTGTCTCCACCCGAGACTCAGTGAAATTGAACTCGCTGTGAAGATGCAGTGTACCCGCGGCAAGACGGAAAGACCCCGTGAACCTTTACTATAGCTTGACACTGAACATTGAGCCTTGATGTGTAGGATAGGTGGGAGGCCTTGAAGTGTGGACGCCAGTCTGCATGGAGCCAACCTTGAAATACCACCCTTTAATGTTTGATGTTCTAACTCGGCCCCATGATCTGGGGTGAGGACAGTGTCTGGTGGGTAGTTTGACTGGGGCGGTCTCCTCCCAAAGAGTAACGGAGGAGCACGAAGGTTAGCTAATCACGGTCGGACATCGTGAGGTTAGTGCAAAGGCATAAGCTAGCTTGACTGCGAGAGTGACGGCTCGAGCAGGTACGAAAGTAGGTCTTAGTGATCCGGTGGTTCTGAATGGAAGGGCCATCGCTCAACGGATAAAAGGTACTCCGGGGATAACAGGCTGATACCGCCCAAGAGTTCATATCGACGGCGGTGTTTGGCACCTCGATGTCGGCTCATCACATCCTGGGGCTGAAGTAGGTCCCAAGGGTATGGCTGTTCGCCATTTAAAGTGGTACGCGAGCTGGGTTTAGAACGTCGTGAGACAGTTCGGTCCCTATCTGCCGTGGGCGTTGGAAGATTGAGAGGGGCTGCTCCTAGTACGAGAGGACCGGAGTGGACGAATCACTGGTGTTCGGGTTGTCATGCCAATGGCATTGCCCGGTAGCTAAATTCGGAAGAGATAACCGCTGAAAGCATCTAAGCGGGAAACTTGCCTCGAGATGAGTCTTCCCTGGGGCTTAAAGCCCCCTGAAGGAACGTTAAAGACTATGACGTTGATAGGCTGGGTGTGTAAGTGCAGCGATGTATTGAGCTAACCAGTACTAATGATCCGTGAGGCTTAACCTT"
"3","AAATTGAAGAGTTTGATCATGGCTCAGATTGAACGCTGGCGGCAGGCCTAACACATGCAAGTCGAGCGGCAGCGGGAAGTAGTTTACTACTTTGCCGGCGAGCGGCGGACGGGTGAGTAATGTCTGGGGATCTGCCTGATGGAGGGGGATAACTACTGGAAACGGTAGCTAATACCGCATGACCTCGCAAGAGCAAAGTGGGGGACCTTAGGGCCTCACGCCATCGGATGAACCCAGATGGGATTAGCTAGTAGGTGGGGTAATGGCTCACCTAGGCGACGATCCCTAGCTGGTCTGAGAGGATGACCAGCCACACTGGAACTGAGACACGGTCCAGACTCCTACGGGAGGCAGCAGTGGGGAATATTGCACAATGGGCGCAAGCCTGATGCAGCCATGCCGCGTGTGTGAAGAAGGCCTTCGGGTTGTAAAGCACTTTCAGCGAGGAGGAAGGGGTTGAGTTTAATACGCTCAATCATTGACGTTACTCGCAGAAGAAGCACCGGCTAACTCCGTGCCAGCAGCCGCGGTAATACGGAGGGTGCAAGCGTTAATCGGAATTACTGGGCGTAAAGCGCACGCAGGCGGTTTGTTAAGTCAGATGTGAAATCCCCGCGCTTAACGTGGGAACTGCATTTGAAACTGGCAAGCTAGAGTCTTGTAGAGGGGGGTAGAATTCCAGGTGTAGCGGTGAAATGCGTAGAGATCTGGAGGAATACCGGTGGCGAAGGCGGCCCCCTGGACAAAGACTGACGCTCAGGTGCGAAAGCGTGGGGAGCAAACAGGATTAGATACCCTGGTAGTCCACGCTGTAAACGATGTCGACTTGGAGGTTGTGCCCTTGAGGCGTGGCTTCCGGAGCTAACGCGTTAAGTCGACCGCCTGGGGAGTACGGCCGCAAGGTTAAAACTCAAATGAATTGACGGGGGCCCGCACAAGCGGTGGAGCATGTGGTTTAATTCGATGCAACGCGAAGAACCTTACCTACTCTTGACATCCACAGAATTTGGCAGAGATGCTAAAGTGCCTTCGGGAACTGTGAGACAGGTGCTGCATGGCTGTCGTCAGCTCGTGTTGTGAAATGTTGGGTTAAGTCCCGCAACGAGCGCAACCCTTATCCTTTGTTGCCAGCACGTAATGGTGGGAACTCAAGGGAGACTGCCGGTGACAAACCGGAGGAAGGTGGGGATGACGTCAAGTCATCATGGCCCTTACGAGTAGGGCTACACACGTGCTACAATGGCAGATACAAAGTGAAGCGAACTCGCGAGAGCCAGCGGACCACATAAAGTCTGTCGTAGTCCGGATTGGAGTCTGCAACTCGACTCCATGAAGTCGGAATCGCTAGTAATCGTAGATCAGAATGCTACGGTGAATACGTTCCCGGGCCTTGTACACACCGCCCGTCACACCATGGGAGTGGGTTGCAAAAGAAGTAGGTAGCTTAACCTTCGGGAGGGCGCTTACCACTTTGTGATTCATGACTGGGGTGAAGTCGTAACAAGGTAACCGTAGGGGAACCTGCGGTTGGATCACCTCCTTA"
"4","AAATTGAAGAGTTTGATCATGGCTCAGATTGAACGCTGGCGGCAGGCCTAACACATGCAAGTCGAGCGGCAGCGGGAAGTAGTTTACTACTTTGCCGGCGAGCGGCGGACGGGTGAGTAATGTCTGGGGATCTGCCTGATGGAGGGGGATAACTACTGGAAACGGTAGCTAATACCGCATGACCTCGCAAGAGCAAAGTGGGGGACCTTAGGGCCTCACGCCATCGGATGAACCCAGATGGGATTAGCTAGTAGGTGGGGTAATGGCTCACCTAGGCGACGATCCCTAGCTGGTCTGAGAGGATGACCAGCCACACTGGAACTGAGACACGGTCCAGACTCCTACGGGAGGCAGCAGTGGGGAATATTGCACAATGGGCGCAAGCCTGATGCAGCCATGCCGCGTGTGTGAAGAAGGCCTTCGGGTTGTAAAGCACTTTCAGCGAGGAGGAAGGGGTTGAGTTTAATACGCTCAATCATTGACGTTACTCGCAGAAGAAGCACCGGCTAACTCCGTGCCAGCAGCCGCGGTAATACGGAGGGTGCAAGCGTTAATCGGAATTACTGGGCGTAAAGCGCACGCAGGCGGTTTGTTAAGTCAGATGTGAAATCCCCGCGCTTAACGTGGGAACTGCATTTGAAACTGGCAAGCTAGAGTCTTGTAGAGGGGGGTAGAATTCCAGGTGTAGCGGTGAAATGCGTAGAGATCTGGAGGAATACCGGTGGCGAAGGCGGCCCCCTGGACAAAGACTGACGCTCAGGTGCGAAAGCGTGGGGAGCAAACAGGATTAGATACCCTGGTAGTCCACGCTGTAAACGATGTCGACTTGGAGGTTGTGCCCTTGAGGCGTGGCTTCCGGAGCTAACGCGTTAAGTCGACCGCCTGGGGAGTACGGCCGCAAGGTTAAAACTCAAATGAATTGACGGGGGCCCGCACAAGCGGTGGAGCATGTGGTTTAATTCGATGCAACGCGAAGAACCTTACCTACTCTTGACATCCACAGAATTTGGCAGAGATGCTAAAGTGCCTTCGGGAACTGTGAGACAGGTGCTGCATGGCTGTCGTCAGCTCGTGTTGTGAAATGTTGGGTTAAGTCCCGCAACGAGCGCAACCCTTATCCTTTGTTGCCAGCACGTAATGGTGGGAACTCAAGGGAGACTGCCGGTGACAAACCGGAGGAAGGTGGGGATGACGTCAAGTCATCATGGCCCTTACGAGTAGGGCTACACACGTGCTACAATGGCAGATACAAAGTGAAGCGAACTCGCGAGAGTCAGCGGACCACATAAAGTCTGTCGTAGTCCGGATTGGAGTCTGCAACTCGACTCCATGAAGTCGGAATCGCTAGTAATCGTAGATCAGAATGCTACGGTGAATACGTTCCCGGGCCTTGTACACACCGCCCGTCACACCATGGGAGTGGGTTGCAAAAGAAGTAGGTAGCTTAACCTTCGGGAGGGCGCTTACCACTTTGTGATTCATGACTGGGGTGAAGTCGTAACAAGGTAACCGTAGGGGAACCTGCGGTTGGATCACCTCCTTA"
"5","GGTTAAGCGACTAAGCGTACACGGTGGATGCCTAGGCAGTCAGAGGCGATGAAGGGCGTGCTAATCTGCGAAAAGCGTCGGTAAGCTGATATGAAGCGTTATAACCGACGATACCCGAATGGGGAAACCCAGTGCAATACGTTGCACTATCGTTAGATGAATACATAGTCTAACGAGGCGAACCGGGGGAACTGAAACATCTAAGTACCCCGAGGAAAAGAAATCAACCGAGATTCCCCCAGTAGCGGCGAGCGAACGGGGAGGAGCCCAGAGTCTGAATCAGTTTGTGTGTTAGTGGAAGCGTCTGGAAAGTCGCACGGTACAGGGTGATAGTCCCGTACACCAAAATGCACAGGCTGTGAACTCGATGAGTAGGGCGGGACACGTGACATCCTGTCTGAATATGGGGGGACCATCCTCCAAGGCTAAATACTCCTGACTGACCGATAGTGAACCAGTACCGTGAGGGAAAGGCGAAAAGAACCCCGGCGAGGGGAGTGAAATAGAACCTGAAACCGTGTACGTACAAGCAGTGGGAGCACCTTCGTGGTGTGACTGCGTACCTTTTGTATAATGGGTCAGCGACTTATATTTTGTAGCAAGGTTAACCGAATAGGGGAGCCGTAGGGAAACCGAGTCTTAACTGGGCGTCTAGTTGCAAGGTATAGACCCGAAACCCGGTGATCTAGCCATGGGCAGGTTGAAGGTTGGGTAACACTAACTGGAGGACCGAACCGACTAATGTTGAAAAATTAGCGGATGACTTGTGGCTGGGGGTGAAAGGCCAATCAAACCGGGAGATAGCTGGTTCTCCCCGAAAGCTATTTAGGTAGCGCCTCGTGAACTCATCTTCGGGGGTAGAGCACTGTTTCGGCTAGGGGGCCATCCCGGCTTACCAAACCGATGCAAACTCCGAATACCGAAGAATGTTATCACGGGAGACACACGGCGGGTGCTAACGTCCGTCGTGAAGAGGGAAACAACCCAGACCGCCAGCTAAGGTCCCAAAGTCATGGTTAAGTGGGAAACGATGTGGGAAGGCACAGACAGCCAGGATGTTGGCTTAGAAGCAGCCATCATTTAAAGAAAGCGTAATAGCTCACTGGTCGAGTCGGCCTGCGCGGAAGATGTAACGGGGCTAAACCATGCACCGAAGCTGCGGCAGCGACACTTAGGTGTTGTTGGGTAGGGGAGCGTTCTGTAAGCCGTTGAAGGTGACCTGTGAGGGTTGCTGGAGGTATCAGAAGTGCGAATGCTGACATAAGTAACGATAATGCGGGTGAAAAACCCGCACGCCGGAAGACCAAGGGTTCCTGTCCAACGTTAATCGGGGCAGGGTGAGTCGACCCCTAAGGCGAGGCTGAAAAGCGTAGTCGATGGGAAACAGGTTAATATTCCTGTACTTGGTGTTACTGCGAAGGGGGGACGGAGAAGGCTAGGCTGGCCGGGCGACGGTTGTCCCGGTTTAAGCGTGTAGGGGGAGTGACCAGGTAAATCCGGTTGCTTATCAACCCTGAGGCGTGATGACGATGCACCACGGTGCAGAAGCAGTTGATGCCATGCTTCCAGGAAAAGCCTCTAAGCATCAGGTAACATTAAATCGTACCCCAAACCGACACAGGTGGTCAGGTAGAGAATACTCAGGCGCTTGAGAGAACTCGGGTGAAGGAACTAGGCAAAATGGTGCCGTAACTTCGGGAGAAGGCACGCTGGCGTTAGGTGAAAGGACTAGCTCCTGGAGCTGAAGCCAGTCGCAGATACCAGCTGGCTGCAACTGTTTAATAAAAACACAGCACTGTGCAAACACGAAAGTGGACGTATACGGTGTGACGCCTGCCCGGTGCTGGAAGGTTAATTGATGGGGTCAGCCGCAAGGCGAAGCTCTTGATCGAAGCCCCAGTAAACGGCGGCCGTAACTATAACGGTCCTAAGGTAGCGAAATTCCTTGTCGGGTAAGTTCCGACCTGCACGAATGGCGTAATGATGGCCAGGCTGTCTCCACCCGAGACTCAGTGAAATTGAACTCGCTGTGAAGATGCAGTGTACCCGCGGCAAGACGGAAAGACCCCGTGAACCTTTACTATAGCTTGACACTGAACATTGAGCCTTGATGTGTAGGATAGGTGGGAGGCCTTGAAGTGTGGACGCCAGTCTGCATGGAGCCAACCTTGAAATACCACCCTTTAATGTTTGATGTTCTAACTCGGCCCCATGATCTGGGGTGAGGACAGTGTCTGGTGGGTAGTTTGACTGGGGCGGTCTCCTCCCAAAGAGTAACGGAGGAGCACGAAGGTTAGCTAATCACGGTCGGACATCGTGAGGTTAGTGCAAAGGCATAAGCTAGCTTGACTGCGAGAGTGACGGCTCGAGCAGGTACGAAAGTAGGTCTTAGTGATCCGGTGGTTCTGAATGGAAGGGCCATCGCTCAACGGATAAAAGGTACTCCGGGGATAACAGGCTGATACCGCCCAAGAGTTCATATCGACGGCGGTGTTTGGCACCTCGATGTCGGCTCATCACATCCTGGGGCTGAAGTAGGTCCCAAGGGTATGGCTGTTCGCCATTTAAAGTGGTACGCGAGCTGGGTTTAGAACGTCGTGAGACAGTTCGGTCCCTATCTGCCGTGGGCGTTGGAAGATTGAGAGGGGCTGCTCCTAGTACGAGAGGACCGGAGTGGACGAATCACTGGTGTTCGGGTTGTCATGCCAATGGCATTGCCCGGTAGCTAAATTCGGAAGAGATAACCGCTGAAAGCATCTAAGCGGGAAACTTGCCTCGAGATGAGTCTTCCCTGGGACTTAAAGTCCCCTGAAGGAACGTTAAAGACTATGACGTTGATAGGCTGGGTGTGTAAGTGCAGCGATGTATTGAGCTAACCAGTACTAATGATCCGTGAGGCTTAACCTT"
"6","AAATTGAAGAGTTTGATCATGGCTCAGATTGAACGCTGGCGGCAGGCCTAACACATGCAAGTCGAGCGGCAGCGGGAAGTAGTTTACTACTTTGCCGGCGAGCGGCGGACGGGTGAGTAATGTCTGGGGATCTGCCTGATGGAGGGGGATAACTACTGGAAACGGTAGCTAATACCGCGTGACCTCGCAAGAGCAAAGTGGGGGACCTTAGGGCCTCACGCCATCGGATGAACCCAGATGGGATTAGCTAGTAGGTGGGGTAATGGCTCACCTAGGCGACGATCCCTAGCTGGTCTGAGAGGATGACCAGCCACACTGGAACTGAGACACGGTCCAGACTCCTACGGGAGGCAGCAGTGGGGAATATTGCACAATGGGCGCAAGCCTGATGCAGCCATGCCGCGTGTGTGAAGAAGGCCTTCGGGTTGTAAAGCACTTTCAGCGAGGAGGAAGGGGTTGAGTTTAATACGCTCAATCATTGACGTTACTCGCAGAAGAAGCACCGGCTAACTCCGTGCCAGCAGCCGCGGTAATACGGAGGGTGCAAGCGTTAATCGGAATTACTGGGCGTAAAGCGCACGCAGGCGGTTTGTTAAGTCAGATGTGAAATCCCCGCGCTTAACGTGGGAACTGCATTTGAAACTGGCAAGCTAGAGTCTTGTAGAGGGGGGTAGAATTCCAGGTGTAGCGGTGAAATGCGTAGAGATCTGGAGGAATACCGGTGGCGAAGGCGGCCCCCTGGACAAAGACTGACGCTCAGGTGCGAAAGCGTGGGGAGCAAACAGGATTAGATACCCTGGTAGTCCACGCTGTAAACGATGTCGACTTGGAGGTTGTGCCCTTGAGGCGTGGCTTCCGGAGCTAACGCGTTAAGTCGACCGCCTGGGGAGTACGGCCGCAAGGTTAAAACTCAAATGAATTGACGGGGGCCCGCACAAGCGGTGGAGCATGTGGTTTAATTCGATGCAACGCGAAGAACCTTACCTACTCTTGACATCCACAGAATTTGGCAGAGATGCTAAAGTGCCTTCGGGAACTGTGAGACAGGTGCTGCATGGCTGTCGTCAGCTCGTGTTGTGAAATGTTGGGTTAAGTCCCGCAACGAGCGCAACCCTTATCCTTTGTTGCCAGCACGTAATGGTGGGAACTCAAGGGAGACTGCCGGTGACAAACCGGAGGAAGGTGGGGATGACGTCAAGTCATCATGGCCCTTACGAGTAGGGCTACACACGTGCTACAATGGCAGATACAAAGTGAAGCGAACTCGCGAGAGCCAGCGGACCACATAAAGTCTGTCGTAGTCCGGATTGGAGTCTGCAACTCGACTCCATGAAGTCGGAATCGCTAGTAATCGTAGATCAGAATGCTACGGTGAATACGTTCCCGGGCCTTGTACACACCGCCCGTCACACCATGGGAGTGGGTTGCAAAAGAAGTAGGTAGCTTAACCTTCGGGAGGGCGCTTACCACTTTGTGATTCATGACTGGGGTGAAGTCGTAACAAGGTAACCGTAGGGGAACCTGCGGTTGGATCACCTCCTTA"
"7","GGTTAAGCGACTAAGCGTACACGGTGGATGCCTAGGCAGTCAGAGGCGATGAAGGGCGTGCTAATCTGCGAAAAGCGTCGGTAAGCTGATATGAAGCGTTATAACCGACGATACCCGAATGGGGAAACCCAGTGCAATACGTTGCACTATCGTTAGATGAATACATAGTCTAACGAGGCGAACCGGGGGAACTGAAACATCTAAGTACCCCGAGGAAAAGAAATCAACCGAGATTCCCCCAGTAGCGGCGAGCGAACGGGGAGGAGCCCAGAGTCTGAATCAGTTTGTGTGTTAGTGGAAGCGTCTGGAAAGTCGCACGGTACAGGGTGATAGTCCCGTACACCAAAATGCACAGGCTGTGAACTCGATGAGTAGGGCGGGACACGTGACATCCTGTCTGAATATGGGGGGACCATCCTCCAAGGCTAAATACTCCTGACTGACCGATAGTGAACCAGTACCGTGAGGGAAAGGCGAAAAGAACCCCGGCGAGGGGAGTGAAATAGAACCTGAAACCGTGTACGTACAAGCAGTGGGAGCACCTTCGTGGTGTGACTGCGTACCTTTTGTATAATGGGTCAGCGACTTATATTTTGTAGCAAGGTTAACCGAATAGGGGAGCCGTAGGGAAACCGAGTCTTAACTGGGCGTCTAGTTGCAAGGTATAGACCCGAAACCCGGTGATCTAGCCATGGGCAGGTTGAAGGTTGGGTAACACTAACTGGAGGACCGAACCGACTAATGTTGAAAAATTAGCGGATGACTTGTGGCTGGGGGTGAAAGGCCAATCAAACCGGGAGATAGCTGGTTCTCCCCGAAAGCTATTTAGGTAGCGCCTCGTGAACTCATCTTCGGGGGTAGAGCACTGTTTCGGCTAGGGGGCCATCCCGGCTTACCAAACCGATGCAAACTCCGAATACCGAAGAATGTTATCACGGGAGACACACGGCGGGTGCTAACGTCCGTCGTGAAGAGGGAAACAACCCAGACCGCCAGCTAAGGTCCCAAAGTCATGGTTAAGTGGGAAACGATGTGGGAAGGCACAGACAGCCAGGATGTTGGCTTAGAAGCAGCCATCATTTAAAGAAAGCGTAATAGCTCACTGGTCGAGTCGGCCTGCGCGGAAGATGTAACGGGGCTAAACCATGCACCGAAGCTGCGGCAGCGACGTTTAGGCGTTGTTGGGTAGGGGAGCGTTCTGTAAGCCGTTGAAGGTGACCTGTGAGGGTTGCTGGAGGTATCAGAAGTGCGAATGCTGACATAAGTAACGATAATGCGGGTGAAAAACCCGCACGCCGGAAGACCAAGGGTTCCTGTCCAACGTTAATCGGGGCAGGGTGAGTCGACCCCTAAGGCGAGGCTGAAAAGCGTAGTCGATGGGAAACAGGTTAATATTCCTGTACTTGGTGTTACTGCGAAGGGGGGACGGAGAAGGCTAGGCTGGCCGGGCGACGGTTGTCCCGGTTTAAGCGTGTAGGGGGAGTGACCAGGTAAATCCGGTTGCTTATCAACCCTGAGGCGTGATGACGATGCACCACGGTGCAGAAGCAGTTGATGCCATGCTTCCAGGAAAAGCCTCTAAGCATCAGGTAACATTAAATCGTACCCCAAACCGACACAGGTGGTCAGGTAGAGAATACTCAGGCGCTTGAGAGAACTCGGGTGAAGGAACTAGGCAAAATGGTGCCGTAACTTCGGGAGAAGGCACGCTGGCGTTAGGTGAAAGGACTAGCTCCTGGAGCTGAAGCCAGTCGCAGATACCAGCTGGCTGCAACTGTTTAATAAAAACACAGCACTGTGCAAACACGAAAGTGGACGTATACAGTGTGACGCCTGCCCGGTGCTGGAAGGTTAATTGATGGGGTCAGCCGCAAGGCGAAGCTCTTGATCGAAGCCCCAGTAAACGGCGGCCGTAACTATAACGGTCCTAAGGTAGCGAAATTCCTTGTCGGGTAAGTTCCGACCTGCACGAATGGCGTAATGATGGCCAGGCTGTCTCCACCCGAGACTCAGTGAAATTGAACTCGCTGTGAAGATGCAGTGTACCCGCGGCAAGACGGAAAGACCCCGTGAACCTTTACTATAGCTTGACACTGAACATTGAGCCTTGATGTGTAGGATAGGTGGGAGGCCTTGAAGTGTGGACGCCAGTCTGCATGGAGCCAACCTTGAAATACCACCCTTTAATGTTTGATGTTCTAACTCGGCCCCATGATCTGGGGTGAGGACAGTGTCTGGTGGGTAGTTTGACTGGGGCGGTCTCCTCCCAAAGAGTAACGGAGGAGCACGAAGGTTAGCTAATCACGGTCGGACATCGTGAGGTTAGTGCAAAGGCATAAGCTAGCTTGACTGCGAGAGTGACGGCTCGAGCAGGTACGAAAGTAGGTCTTAGTGATCCGGTGGTTCTGAATGGAAGGGCCATCGCTCAACGGATAAAAGGTACTCCGGGGATAACAGGCTGATACCGCCCAAGAGTTCATATCGACGGCGGTGTTTGGCACCTCGATGTCGGCTCATCACATCCTGGGGCTGAAGTAGGTCCCAAGGGTATGGCTGTTCGCCATTTAAAGTGGTACGCGAGCTGGGTTTAGAACGTCGTGAGACAGTTCGGTCCCTATCTGCCGTGGGCGTTGGAAGATTGAGAGGGGCTGCTCCTAGTACGAGAGGACCGGAGTGGACGAATCACTGGTGTTCGGGTTGTCATGCCAATGGCATTGCCCGGTAGCTAAATTCGGAAGAGATAACCGCTGAAAGCATCTAAGCGGGAAACTTGCCTCGAGATGAGTCTTCCCTGGGACTTAAAGTCCCCTGAAGGAACGTTAAAGACTATGACGTTGATAGGCTGGGTGTGTAAGTGCAGCGATGTATTGAGCTAACCAGTACTAATGATCCGTGAGGCTTAACCTT"
"8","GGTTAAGCGACTAAGCGTACACGGTGGATGCCTAGGCAGTCAGAGGCGATGAAGGGCGTGCTAATCTGCGAAAAGCGTCGGTAAGCTGATATGAAGCGTTATAACCGACGATACCCGAATGGGGAAACCCAGTGCAATACGTTGCACTATCGTTAGATGAATACATAGTCTAACGAGGCGAACCGGGGGAACTGAAACATCTAAGTACCCCGAGGAAAAGAAATCAACCGAGATTCCCCCAGTAGCGGCGAGCGAACGGGGAGGAGCCCAGAGTCTGAATCAGTTTGTGTGTTAGTGGAAGCGTCTGGAAAGTCGCACGGTACAGGGTGATAGTCCCGTACACCAAAATGCACAGGCTGTGAACTCGATGAGTAGGGCGGGACACGTGACATCCTGTCTGAATATGGGGGGACCATCCTCCAAGGCTAAATACTCCTGACTGACCGATAGTGAACCAGTACCGTGAGGGAAAGGCGAAAAGAACCCCGGCGAGGGGAGTGAAATAGAACCTGAAACCGTGTACGTACAAGCAGTGGGAGCACCTTCGTGGTGTGACTGCGTACCTTTTGTATAATGGGTCAGCGACTTATATTTTGTAGCAAGGTTAACCGAATAGGGGAGCCGTAGGGAAACCGAGTCTTAACTGGGCGTCTAGTTGCAAGGTATAGACCCGAAACCCGGTGATCTAGCCATGGGCAGGTTGAAGGTTGGGTAACACTAACTGGAGGACCGAACCGACTAATGTTGAAAAATTAGCGGATGACTTGTGGCTGGGGGTGAAAGGCCAATCAAACCGGGAGATAGCTGGTTCTCCCCGAAAGCTATTTAGGTAGCGCCTCGTGAACTCATCTTCGGGGGTAGAGCACTGTTTCGGCTAGGGGGCCATCCCGGCTTACCAAACCGATGCAAACTCCGAATACCGAAGAATGTTATCACGGGAGACACACGGCGGGTGCTAACGTCCGTCGTGAAGAGGGAAACAACCCAGACCGCCAGCTAAGGTCCCAAAGTCATGGTTAAGTGGGAAACGATGTGGGAAGGCACAGACAGCCAGGATGTTGGCTTAGAAGCAGCCATCATTTAAAGAAAGCGTAATAGCTCACTGGTCGAGTCGGCCTGCGCGGAAGATGTAACGGGGCTAAACCATGCACCGAAGCTGCGGCAGCGACACTTAGGTGTTGTTGGGTAGGGGAGCGTTCTGTAAGCCGTTGAAGGTGACCTGTGAGGGTTGCTGGAGGTATCAGAAGTGCGAATGCTGACATAAGTAACGATAATGCGGGTGAAAAACCCGCACGCCGGAAGACCAAGGGTTCCTGTCCAACGTTAATCGGGGCAGGGTGAGTCGACCCCTAAGGCGAGGCTGAAAAGCGTAGTCGATGGGAAACAGGTTAATATTCCTGTACTTGGTGTTACTGCGAAGGGGGGACGGAGAAGGCTAGGCTGGCCGGGCGACGGTTGTCCCGGTTTAAGCGTGTAGGGGGAGTGACCAGGTAAATCCGGTTGCTTATCAACCCTGAGGCGTGATGACGATGCACCACGGTGCAGAAGCAGTTGATGCCATGCTTCCAGGAAAAGCCTCTAAGCATCAGGTAACATTAAATCGTACCCCAAACCGACACAGGTGGTCAGGTAGAGAATACTCAGGCGCTTGAGAGAACTCGGGTGAAGGAACTAGGCAAAATGGTGCCGTAACTTCGGGAGAAGGCACGCTGGCGTTAGGTGAAAGGACTAGCTCCTGGAGCTGAAGCCAGTCGCAGATACCAGCTGGCTGCAACTGTTTAATAAAAACACAGCACTGTGCAAACACGAAAGTGGACGTATACGGTGTGACGCCTGCCCGGTGCTGGAAGGTTAATTGATGGGGTCAGCCGCAAGGCGAAGCTCTTGATCGAAGCCCCAGTAAACGGCGGCCGTAACTATAACGGTCCTAAGGTAGCGAAATTCCTTGTCGGGTAAGTTCCGACCTGCACGAATGGCGTAATGATGGCCAGGCTGTCTCCACCCGAGACTCAGTGAAATTGAACTCGCTGTGAAGATGCAGTGTACCCGCGGCAAGACGGAAAGACCCCGTGAACCTTTACTATAGCTTGACACTGAACATTGAGCCTTGATGTGTAGGATAGGTGGGAGGCCTTGAAGTGTGGACGCCAGTCTGCATGGAGCCAACCTTGAGATACCACCCTTTAATGTTTGATGTTCTAACTCGGCCCCATGATCTGGGGTGAGGACAGTGTCTGGTGGGTAGTTTGACTGGGGCGGTCTCCTCCCAAAGAGTAACGGAGGAGCACGAAGGTTAGCTAATCACGGTCGGACATCGTGAGGTTAGTGCAAAGGCATAAGCTAGCTTGACTGCGAGAGTGACGGCTCGAGCAGGTACGAAAGTAGGTCTTAGTGATCCGGTGGTTCTGAATGGAAGGGCCATCGCTCAACGGATAAAAGGTACTCCGGGGATAACAGGCTGATACCGCCCAAGAGTTCATATCGACGGCGGTGTTTGGCACCTCGATGTCGGCTCATCACATCCTGGGGCTGAAGTAGGTCCCAAGGGTATGGCTGTTCGCCATTTAAAGTGGTACGCGAGCTGGGTTTAGAACGTCGTGAGACAGTTCGGTCCCTATCTGCCGTGGGCGTTGGAAGATTGAGAGGGGCTGCTCCTAGTACGAGAGGACCGGAGTGGACGAATCACTGGTGTTCGGGTTGTCATGCCAATGGCATTGCCCGGTAGCTAAATTCGGAAGAGATAACCGCTGAAAGCATCTAAGCGGGAAACTTGCCTCGAGATGAGTCTTCCCTGGGGCTTAAAGCCCCCTGAAGGAACGTTAAAGACTATGACGTTGATAGGCTGGGTGTGTAAGTGCAGCGATGTATTGAGCTAACCAGTACTAATGATCCGTGAGGCTTAACCTT"
"9","CCTGGCGGCCATAGCGCGGTGGTCCCACCTGATCCCATGCCGAACTCAGAAGTGAAACGCCGTAGCGCCGATGGTAGTGTGGGGTCTCCCCATGCGAGAGTAGGACACTGCCAGGT"
"10","AAATTGAAGAGTTTGATCATGGCTCAGATTGAACGCTGGCGGCAGGCCTAACACATGCAAGTCGAGCGGCAGCGGGAAGTAGTTTACTACTTTGCCGGCGAGCGGCGGACGGGTGAGTAATGTCTGGGGATCTGCCTGATGGAGGGGGATAACTACTGGAAACGGTGGCTAATACCGCATGACCTCGCAAGAGCAAAGTGGGGGACCTTAGGGCCTCACGCCATCGGATGAACCCAGATGGGATTAGCTAGTAGGTGGGGTAATGGCTCACCTAGGCGACGATCCCTAGCTGGTCTGAGAGGATGACCAGCCACACTGGAACTGAGACACGGTCCAGACTCCTACGGGAGGCAGCAGTGGGGAATATTGCACAATGGGCGCAAGCCTGATGCAGCCATGCCGCGTGTGTGAAGAAGGCCTTCGGGTTGTAAAGCACTTTCAGCGAGGAGGAAGGGGTTGAGTTTAATACGCTCAATCATTGACGTTACTCGCAGAAGAAGCACCGGCTAACTCCGTGCCAGCAGCCGCGGTAATACGGAGGGTGCAAGCGTTAATCGGAATTACTGGGCGTAAAGCGCACGCAGGCGGTTTGTTAAGTCAGATGTGAAATCCCCGCGCTTAACGTGGGAACTGCATTTGAAACTGGCAAGCTAGAGTCTTGTAGAGGGGGGTAGAATTCCAGGTGTAGCGGTGAAATGCGTAGAGATCTGGAGGAATACCGGTGGCGAAGGCGGCCCCCTGGACAAAGACTGACGCTCAGGTGCGAAAGCGTGGGGAGCAAACAGGATTAGATACCCTGGTAGTCCACGCTGTAAACGATGTCGACTTGGAGGTTGTGCCCTTGAGGCGTGGCTTCCGGAGCTAACGCGTTAAGTCGACCGCCTGGGGAGTACGGCCGCAAGGTTAAAACTCAAATGAATTGACGGGGGCCCGCACAAGCGGTGGAGCATGTGGTTTAATTCGATGCAACGCGAAGAACCTTACCTACTCTTGACATCCACAGAATTTGGCAGAGATGCTAAAGTGCCTTCGGGAACTGTGAGACAGGTGCTGCATGGCTGTCGTCAGCTCGTGTTGTGAAATGTTGGGTTAAGTCCCGCAACGAGCGCAACCCTTATCCTTTGTTGCCAGCACGTAATGGTGGGAACTCAAGGGAGACTGCCGGTGACAAACCGGAGGAAGGTGGGGATGACGTCAAGTCATCATGGCCCTTACGAGTAGGGCTACACACGTGCTACAATGGCAGATACAAAGTGAAGCGAACTCGCGAGAGCCAGCGGACCACATAAAGTCTGTCGTAGTCCGGATTGGAGTCTGCAACTCGACTCCATGAAGTCGGAATCGCTAGTAATCGTAGATCAGAATGCTACGGTGAATACGTTCCCGGGCCTTGTACACACCGCCCGTCACACCATGGGAGTGGGTTGCAAAAGAAGTAGGTAGCTTAACCTTCGGGAGGGCGCTTACCACTTTGTGATTCATGACTGGGGTGAAGTCGTAACAAGGTAACCGTAGGGGAACCTGCGGTTGGATCACCTCCTTA"
"11","GCCCGGATAGCTCAGTCGGTAGAGCAGGGGATTGAAAATCCCCGTGTCCTTGGTTCGATTCCGAGTCCGGGCACCA"
"12","GCGGGTGTAGTTCAATGGTAGAACGAGAGCTTCCCAAGCTCTATACGAGGGTTCGATTCCCTTCACCCGCTCCA"
"13","GGCCCCTTAGCTCAGTTGGTTAGAGCACGCGACTCATAATCGCTTGGTCACTGGTTCAAGTCCAGTAGGGGCCACCA"
"14","GCGATGGTGGCGGAATTGGTAGACGCGCTAGCTTCAGGTGTTAGTGTTCTTACGGACGTGAGGGTTCAAGTCCCTCCCTTCGCACCA"
"15","GCGGGAATAGCTCAGTTGGTAGAGCACGACCTTGCCAAGGTCGGGGTCGCGAGTTCGAGTCTCGTTTCCCGCTCCA"
"16","GTCCCCATCGTCTAGAGGCCTAGGACACTGCCCTTTCACGGCTGTAACAGGGGTTCGAATCCCCTTGGGGACGCCA"
"17","GGAAGATCATCGTCCCCGGTGGGGCGGCTGGACTTCAAATCCAGATGGGGCCGCCAGCGGTCCCTGGCAGGTTCGACTCCTGTGATCTTCCGCCA"
"18","CGGCGAGTAGCGCAGCTTGGTAGCGCAACTGGTTTGGGACCAGTGGGTCGGAGGTTCGAATCCTCTCTCGCCGACCA"
"19","GGAGCGGTAGTTCAGTTGGTTAGAATACCTGCCTGTCACGCAGGGGGTCGCGGGTTCGAGCCCCGTCCGTTCCGCCA"
"20","AGGGGCGTAGTTCAATTGGTAGAGCACCGGTCTCCAAAACCGGGTGTTGGGAGTTCGAGTCTCTCCGCCCCTGCCA"
"21","GCGCCCGTAGCTCAGCTGGATAGAGCGCTGCCCTCCGGAGGCAGAGGTCTCAGGTTCGAATCCTGTCGGGCGCACCA"
"22","GTGGCTATAGCTCAGTTGGTAGAGCCCTGGATTGTGATTCCAGTTGTCGTGGGTTCGAGTCCCATTAGCCACCCCA"
"23","GCGATGGTGGCGGAATTGGTAGACGCGCTAGCTTCAGGTGTTAGTGTCCTTACGGACGTGAGGGTTCAAGTCCCTCCCTTCGCACCA"
"24","GGGTCTGTAGCTCAGGTGGTTAGAGCGCACCCCTGATAAGGGTGAGGTCGGTGGTTCAAGTCCACTCAGACCCACCA"
"25","GGGGCTATAGCTCAGCTGGGAGAGCGCCTGCCTTGCACGCAGGAGGTCAGCGGTTCGATCCCGCTTAGCTCCACCA"
"26","GCCGGCATAGCTCAGTTGGTAGAGCAACTGACTTGTAATCAGTAGGTCCCGAGTTCGACTCTTGGTGCCGGCACCA"
"27","GGTGGGGTTCCCGAGCGGCCAAAGGGAGCAGACTGTAAATCTGCCGTCATCGACTTCGAAGGTTCGAATCCTTCCCCCACCACCA"
"28","GCGGGCATCGTATAATGGCTATTACCTCAGCCTTCCAAGCTGATGATGTGGGTTCGATTCCCACTGCCCGCTCCA"
"29","GCTGATATAGCTCAGTTGGTAGAGCGCACCCTTGGTAAGGGTGAGGTCGGCAGTTCGAATCTGCCTATCAGCACCA"
"30","GCCGGGGTGGTGGAATTGGTAGACACGCTACCTTGAGGTGGTAGTGCCCGATTGGGCTTACGGGTTCAAGTCCCGTCCTCGGTACCA"
"31","CGCGGGGTGGAGCAGCCTGGTAGCTCGTCGGGCTCATAACCCGAAGGTCGTCGGTTCAAATCCGGCCCCCGCAACCA"
"32","GCCGAAGTGGCGAAATCGGTAGACGCAGTTGACTCAAAATCAACCGCCGCGAGGCATGCCGGTTCGATTCCGGCCTTCGGCACCA"
"33","GGTGAGGTGGCCGAGAGGCTGAAGGCGCTCCCCTGCTAAGGGAGTATACGGTCAAAAGCTGTATCGAGGGTTCGAATCCCTCCCTCACCGCCA"
"34","GCACCCATAGCTCAGCTGGATAGAGTACTCGGCTACGAACCGAGCGGTCGGAAGTTCGAATCTTCCTGGGTGCACCA"
"35","GCACCCATAGCTCAGCTGGATAGAGTACTCGGCTACGAACTGAGCGGTCGGAAGTTCGAATCTTCCTGGGTGCACCA"
"36","GGGGCTATAGCTCAGCTGGGAGAGCGCTTGCATGGCATGCAAGAGGTCGACGGTTCGATCCCGTCTAGCTCCACCA"
"37","GGGCGATTAGCTCAGTTGGTAGAGCATCTCCTTTACACGGAGGGGGTCATCAGTTCGAATCTGGTATCGCCCACCA"
"38","GGGTCGTTAGCTCAGTTGGTAGAGCAGTTGACTTTTAATCAATTGGTCGCAGGTTCGAATCCCGCACGACCCACCA"
"39","GCGCCCTTAGCTCAGTTGGATAGAGCAACGGCCTTCTAAGCCGTAGGTCACAGGTTCGAGCCCTGTAGGGCGTACCA"
"40","GTCCCCGTAGTTAAACGGATATAACAAGCCCCTCCTAAGGGCTAGTTACTGGTTCGATTCCAGTCGGGGACACCA"
"41","GGCTACGTAGCTCAGCTGGTTAGAGCACAGCACTCATAATGCTGGGGTCACAGGTTCGATTCCCGTCGTAGCCACCA"
"42","GCGGGAGTGGCGAAATTGGTAGACGCACTAGATTTAGGTTCTAGCGCCGCAAGGTGTGCGAGTTCAAGTCTCGCCTCCCGCACCA"
"43","TGGGATATCGCCAAGCGGTAAGGCACCAGGTTTTGATCCTGGCATTCCCAGGTTCGAATCCTGGTATCCCAGCCA"
"44","TGGGGTATCGCCAAGCGGTAAGGCACTGGATTCTGATTCCAGCATTCCGAGGTTCGAATCCTCGTACCCCAGCCA"
"45","GCGTCCGTAGCTCAGTTGGTTAGAGCACCACCTTGACATGGTGGGGGTCGATGGTTCGAGTCCATTAGAACGCACCA"
"46","GCGTCCGTAGCTCAGTTGGTTAGAGCACCACCTTGACATGGTGGGGGTCGATGGTTCGAGTCCATTCGGACGCACCA"
"47","GGTGAGGTGTCTGAGTGGCTGAAGGAGCACGCCTGGAAAGTGTGTATACGCGTAAGCGTATCGAGGGTTCGAACCCCTCCCTCACCGCCA"
"48","GGTGAGGTGTCTGAGTGGCTGAAGGAGCACGCCTGGAAAGTGTGTATACGCGTAAGCGTATCGAGGGTTCGAACCCCTCTCTCACCGCCA"
"49","GCCCGGGTGGTGAAATCGGTAGACACAAGGGATTTAAAATCCCTCGGCTTATGGCTGTGCGGGTTCAAGTCCCGCCCCGGGCACCA"
"50","GGCGCGTTGGCAGAGTGGCCATGCTACGGATTGCAAATCCGTCTACCTCGGTTCGACTCCGGGACGCGCCTCCA"
"51","GGGTCGTTAGCTCAGTTGGTAGAGCAGTTGACTCTTAATCAATTGGTCGCAGGTTCGAACCCTGCACGACCCACCA"
"52","TCCTCTGTAGTTCAGTCGGTAGAACGGCGGACTGTTAATCCGTATGTCACTGGTTCGAGTCCAGTCAGAGGAGCCA"
"53","GGAGGGGTGGCCGAGTGGCTGAAGGCAACGGTCTTGAAAACCGTCGACGGGTAACCGTTCGAGAGTTCGAATCTCTCCTCCTCCGCCA"
"54","GGAAGGATGGCCGAGTGGTTTAAGGCAACGGTCTTGAAAACCGTCGACTGTAACAGGTCCTAGAGTTCGAATCTCTATCCTTCCGCCA"
"55","CGGCATGTAGCGCAGCTTGGTAGCGCACCGTCATGGGGTGTCGGGGGTCGAAGGTTCAAATCCTTTCATGCCGACCA"
"56","GGTGCGGTAGTTCAGTCGGTTAGAATACCGGCCTGTCACGCCGGGGGTCGCGGGTTCGAGTCCCGTCCGCACCGCCA"
