Number,Sequence
1,AGATTGAACGCTGGCGGCATGCCTTACACATGCAAGTCGAACGGCAGCGCGGGCTTCGGCCTGGCGGCGAGTGGCGAACGGGTGAGTAATACATCGGAACATGTCCTGTAGTGGGGGATAGCCCGGCGAAAGCCGGATTAATACCGCATACGATCTGTGGATGAAAGCGGGGGACCTTCGGGCCTCGCGCTATAGGGTTGGCCGATGGCTGATTAGCTAGTTGGTGGGGTAAAGGCCTACCAAGGCGACGATCAGTAGCTGGTCTGAGAGGACGACCAGCCACACTGGGACTGAGACACGGCCCAGACTCCTACGGGAGGCAGCAGTGGGGAATTTTGGACAATGGGCGCAAGCCTGATCCAGCAATGCCGCGTGTGTGAAGAAGGCCTTCGGGTTGTAAAGCACTTTTGTCCGGAAAGAAATCATCCTGGCTAATAACCGGGGTGGATGACGGTACCGGAAGAATAAGCACCGGCTAACTACGTGCCAGCAGCCGCGGTAATACGTAGGGTGCGAGCGTTAATCGGAATTACTGGGCGTAAAGCGTGCGCAGGCGGTTTGCTAAGACCGATGTGAAATCCCCGGGCTCAACCTGGGAACTGCATTGGTGACTGGCAGGCTAGAGTATGGCAGAGGGGGGTAGAATTCCACGTGTAGCAGTGAAATGCGTAGAGATGTGGAGGAATACCGATGGCGAAGGCAGCCCCCTGGGCCAATACTGACGCTCATGCACGAAAGCGTGGGGAGCAAACAGGATTAGATACCCTGGTAGTCCACGCCCTAAACGATGTCAACTAGTTGTTGGGGATTCATTTCCTTAGTAACGTAGCTAACGCGTGAAGTTGACCGCCTGGGGAGTACGGTCGCAAGATTAAAACTCAAAGGAATTGACGGGGACCCGCACAAGCGGTGGATGATGTGGATTAATTCGATGCAACGCGAAAAACCTTACCTACCCTTGACATGGTCGGAATCCTGCTGAGAGGCGGGAGTGCTCGAAAGAGAACCGGCGCACAGGTGCTGCATGGCTGTCGTCAGCTCGTGTCGTGAGATGTTGGGTTAAGTCCCGCAACGAGCGCAACCCTTGTCCTTAGTTGCTACGCAAGAGCACTCTAAGGAGACTGCCGGTGACAAACCGGAGGAAGGTGGGGATGACGTCAAGTCCTCATGGCCCTTATGGGTAGGGCTTCACACGTCATACAATGGTCGGAACAGAGGGTCGCCAACCCGCGAGGGGGAGCCAATCCCAGAAAACCGATCGTAGTCCGGATTGCACTCTGCAACTCGAGTGCATGAAGCTGGAATCGCTAGTAATCGCGGATCAGCATGCCGCGGTGAATACGTTCCCGGGTCTTGTACACACCGCCCGTCACACCATGGGAGTGGGTTTTACCAGAAGTGGCTAGTCTAACCGCAAGGAGGACGGTCACCACGGTAGGATTCATGACTGGGGTGAAGTCGTAACAAGGTAGCCGTATCGGAAGGTGC
2,GGTCAAGCGAACAAGTGCATGTGGTGGATGCCTTGGCGATCACAGGCGATGAAGGACGCGGTAGCCTGCGAAAAGCTACGGGGAGCTGGCAAACGAGCTTTGATCCGTAGATGTCCGAATGGGGAAACCCACTCCGAATGGAGTATCCATAGCTGAATACATAGGCTATGTGAGGCGAACGCGGTGAACTGAAACATCTAAGTAACCGCAGGAAAAGAAATCAACCGAGATTCCCAAAGTAGTGGCGAGCGAAATGGGAAGAGCCTGTACTCTTTATTTGTATTGTTAGCCGAACGCTCTGGAAAGTGCGGCCATAGCAGGTGATAGCCCTGTAGGCGAAAACAGTATGAAAGAACTAGGTGTACGACAAGTAGGGCGGGACACGTGAAATCCTGTCTGAAGATGGGGGGACCATCCTCCAAGGCTAAATACTCGTGATCGACCGATAGTGAACCAGTACCGTGAGGGAAAGGCGAAAAGAACCCCGGGAGGGGAGTGAAATAGATCCTGAAACCGCATGCATACAAACAGTCGGAGCCTCGAAAGGGGTGACGGCGTACCTTTTGTATAATGGGTCAGCGACTTACGTTCAGTAGCAAGCTTAACCGAATAGGGCAGGCGTAGCGAAAGCGAGTCCGAATAGGGCGTTCAGTTGCTGGGCGTAGACCCGAAACCAGGTGATCTATCCATGGCCAGGATGAAGGTGCGGTAACACGTACTGGAGGTCCGAACCCACTAACGTTGAAAAGTTAGGGGATGAGCTGTGGATAGGGGTGAAAGGCTAAACAAACCTGGAAATAGCTGGTTCTCTCCGAAAACTATTTAGGTAGTGCCTCGTGTCTCACCTTCGGGGGTAGAGCACTGTCATGGTTGGGGGGTCTATTGCAGATTACCCCGCCATAGCAAACTCCGAATACCGAAGAGTGCAATCACGGGAGACAGACATCGGGTGCTAACGTCCGGTGTCAAGAGGGAAACAACCCAGACCGCCAGCTAAGGTCCCCAAATATGGCTAAGTGGGAAACGAAGTGGGAAGGCTAAAACAGTCAGGAGGTTGGCTTAGAAGCAGCCACCCTTTAAAGAAAGCGTAATAGCTCACTGATCGAGTCGTCCTGCGCGGAAGATGTAACGGGGCTAAGCCATATACCGAAGCTGCGGATGCGTGCTTGCACGCATGGTAGGAGAGCGTTCCGTAAGCCTGCGAAGGTGCCTTGTAAAGGGTGCTGGAGGTATCGGAAGTGCGAATGCTGACATGAGTAGCGATAAAGGGGGTGAAAGGCCCCCTCGCCGTAAGCCCAAGGTTTCCTACGCAACGTTCATCGGCGTAGGGTGAGTCGGCCCCTAAGGCGAGGCAGAAATGCGTAGCTGATGGGAAGCAGGTCAATATTCCTGCACCATTGTTAGATGCGATGGGGGGACGGATCGCGGAAGGTTGTCCGGGTGTTGGAAGTCCCGGTCGCTGCATTGGAGAAGGCGCTTAGGCAAATCCGGGCGCAGGATTCAAGGGTGTGGCGCGAGCTCCTTCGGGAGCGAAGCAATTGGAAGTGGTTCCAAGAAAAGCCTCTAAGCTTCAGTCTAACGATGACCGTACCGCAAACCGACACAGGTGGGCGAGATGAGTATTCTAAGGCGCTTGAGAGAACTCGGGAGAAGGAACTCGGCAAATTGGTACCGTAACTTCGGGATAAGGTACGCCCTGGTAGCTTGACTGGCCTGCGCCAGGAGGGTGAAGGGGTTGCAATAAACTGGTGGCTGCGACTGTTTAATAAAAACACAGCACTCTGCAAACACGAAAGTGGACGTATAGGGTGTGACGCCTGCCCGGTGCCGGAAGATTAAATGATGGGGTGCAAGCTCTTGATTGAAGTCCCGGTAAACGGCGGCCGTAACTATAACGGTCCTAAGGTAGCGAAATTCCTTGTCGGGTAAGTTCCGACCTGCACGAATGGCGTAACGATGGCCACACTGTCTCCTCCCGAGACTCAGCGAAGTTGAAGTGTTTGTGATGATGCAATCTACCCGCGGCTAGACGGAAAGACCCCATGAACCTTTACTGTAGCTTTGCATTGGACTTTGAACCGATCTGTGTAGGATAGGTGGGAGGCTATGAAACCGGAACGCTAGTTTCGGTGGAGCCGTCCTTGAAATACCACCCTGGTTTGTTTGAGGTTCTAACCTTGGCCCGTGATCCGGGTCGGGGACAGTGCATGGTAGGCAGTTTGACTGGGGCGGTCTCCTCCCAAAGCGTAACGGAGGAGTACGAAGGTACGCTAGGTACGGTCGGAAATCGTGCTGATAGTGCAATGGCATAAGCGTGCTTAACTGCGAGACCGACAAGTCGAGCAGGTGCGAAAGCAGGTCATAGTGATCCGGTGGTTCTGTATGGAAGGGCCATCGCTCAACGGATAAAAGGTACTCTGGGGATAACAGGCTGATACCGCCCAAGAGTTCATATCGACGGCGGTGTTTGGCACCTCGATGTCGGCTCATCTCATCCTGGGGCTGTAGCCGGTCCCAAGGGTATGGCTGTTCGCCATTTAAAGAGGTACGTGAGCTGGGTTTAAAACGTCGTGAGACAGTTTGGTCCCTATCTGCCGTGGGCGTTGGAAGTTTGAAGGGGGCTGCTCCTAGTACGAGAGGACCGGAGTGGACGAACCTCTGGTGTACCGGTTGTGACGCCAGTCGCATCGCCGGGTAGCTATGTTCGGAAGAGATAACCGCTGAAAGCATCTAAGCGGGAAACTCGCCTTAAGATGAGACTTCCCCGGGGACTTGATCCCCTTGAAGGGTCGTTCGAGACCAGGACGTTGATAGGTCGGGTGTGTAAGCGCAGTAATGCGTTCAGCTAACCGATACTAATTGCCCGTAAGGCTTGATCCTA
3,GCCTGATGACCATAGCGAGTCGGTCCCACCCCTTCCCATCCCGAACAGGACCGTGAAACGACTCTACGCCGATGATAGTGCGGATTGCCCGTGTGAAAGTAGGTAATCGTCAGGCT
4,GGTCAAGCGAACAAGTGCATGTGGTGGATGCCTTGGCGATCACAGGCGATGAAGGACGCGGTAGCCTGCGAAAAGCTACGGGGAGCTGGCAAACGAGCTTTGATCCGTAGATGTCCGAATGGGGAAACCCACTCCGAATGGAGTATCCATAGCTGAATACATAGGTCTATGTGAGGCGAACGCGGTGAACTGAAACATCTAAGTAACCGCAGGAAAAGAAATCAACCGAGATTCCCAAAGTAGTGGCGAGCGAAATGGGAAGAGCCTGTACTCTTTATTTGTATTGTTAGCCGAACGCTCTGGAAAGTGCGGCCATAGCAGGTGATAGCCCTGTAGGCGAAAACAGTATGAAAGAACTAGGTGTACGACAAGTAGGGCGGGACACGTGAAATCCTGTCTGAAGATGGGGGGACCATCCTCCAAGGCTAAATACTCGTGATCGACCGATAGTGAACCAGTACCGTGAGGGAAAGGCGAAAAGAACCCCGGGAGGGGAGTGAAATAGATCCTGAAACCGCATGCATACAAACAGTCGGAGCCTCGAAAGGGGTGACGGCGTACCTTTTGTATAATGGGTCAGCGACTTACGTTCAGTAGCAAGCTTAACCGAATAGGGCAGGCGTAGCGAAAGCGAGTCCGAATAGGGCGTTCAGTTGCTGGGCGTAGACCCGAAACCAGGTGATCTATCCATGGCCAGGATGAAGGTGCGGTAACACGTACTGGAGGTCCGAACCCACTAACGTTGAAAAGTTAGGGGATGAGCTGTGGATAGGGGTGAAAGGCTAAACAAACCTGGAAATAGCTGGTTCTCTCCGAAAACTATTTAGGTAGTGCCTCGTGTCTCACCTTCGGGGGTAGAGCACTGTCATGGTTGGGGGGTCTATTGCAGATTACCCCGCCATAGCAAACTCCGAATACCGAAGAGTGCAATCACGGGAGACAGACATCGGGTGCTAACGTCCGGTGTCAAGAGGGAAACAACCCAGACCGCCAGCTAAGGTCCCCAAATATGGCTAAGTGGGAAACGAAGTGGGAAGGCTAAAACAGTCAGGAGGTTGGCTTAGAAGCAGCCACCCTTTAAAGAAAGCGTAATAGCTCACTGATCGAGTCGTCCTGCGCGGAAGATGTAACGGGGCTAAGCCATATACCGAAGCTGCGGATGCGTGCTTGCACGCATGGTAGGAGAGCGTTCCGTAAGCCTGCGAAGGTGCCTTGTAAAGGGTGCTGGAGGTATCGGAAGTGCGAATGCTGACATGAGTAGCGATAAAGGGGGTGAAAGGCCCCCTCGCCGTAAGCCCAAGGTTTCCTACGCAACGTTCATCGGCGTAGGGTGAGTCGGCCCCTAAGGCGAGGCAGAAATGCGTAGCTGATGGGAAGCAGGTCAATATTCCTGCACCATTGTTAGATGCGATGGGGGGACGGATCGCGGAAGGTTGTCCGGGTGTTGGAAGTCCCGGTCGCTGCATTGGAGAAGGCGCTTAGGCAAATCCGGGCGCAGGATTCAAGGGTGTGGCGCGAGCTCCTTCGGGAGCGAAGCAATTGGAAGTGGTTCCAAGAAAAGCCTCTAAGCTTCAGTCTAACGATGACCGTACCGCAAACCGACACAGGTGGGCGAGATGAGTATTCTAAGGCGCTTGAGAGAACTCGGGAGAAGGAACTCGGCAAATTGGTACCGTAACTTCGGGATAAGGTACGCCCTGGTAGCTTGACTGGCCTGCGCCAGGAGGGTGAAGGGGTTGCAATAAACTGGTGGCTGCGACTGTTTAATAAAAACACAGCACTCTGCAAACACGAAAGTGGACGTATAGGGTGTGACGCCTGCCCGGTGCCGGAAGATTAAATGATGGGGTGCAAGCTCTTGATTGAAGTCCCGGTAAACGGCGGCCGTAACTATAACGGTCCTAAGGTAGCGAAATTCCTTGTCGGGTAAGTTCCGACCTGCACGAATGGCGTAACGATGGCCACACTGTCTCCTCCCGAGACTCAGCGAAGTTGAAGTGTTTGTGATGATGCAATCTACCCGCGGCTAGACGGAAAGACCCCATGAACCTTTACTGTAGCTTTGCATTGGACTTTGAACCGATCTGTGTAGGATAGGTGGGAGGCTATGAAACCGGAACGCTAGTTTCGGTGGAGCCGTCCTTGAAATACCACCCTGGTTTGTTTGAGGTTCTAACCTTGGCCCGTGATCCGGGTCGGGGACAGTGCATGGTAGGCAGTTTGACTGGGGCGGTCTCCTCCCAAAGCGTAACGGAGGAGTACGAAGGTACGCTAGGTACGGTCGGAAATCGTGCTGATAGTGCAATGGCATAAGCGTGCTTAACTGCGAGACCGACAAGTCGAGCAGGTGCGAAAGCAGGTCATAGTGATCCGGTGGTTCTGTATGGAAGGGCCATCGCTCAACGGATAAAAGGTACTCTGGGGATAACAGGCTGATACCGCCCAAGAGTTCATATCGACGGCGGTGTTTGGCACCTCGATGTCGGCTCATCTCATCCTGGGGCTGTAGCCGGTCCCAAGGGTATGGCTGTTCGCCATTTAAAGAGGTACGTGAGCTGGGTTTAAAACGTCGTGAGACAGTTTGGTCCCTATCTGCCGTGGGCGTTGGAAGTTTGAAGGGGGCTGCTCCTAGTACGAGAGGACCGGAGTGGACGAACCTCTGGTGTACCGGTTGTGACGCCAGTCGCATCGCCGGGTAGCTATGTTCGGAAGAGATAACCGCTGAAAGCATCTAAGCGGGAAACTCGCCTTAAGATGAGACTTCCCCGGGGACTTGATCCCCTTGAAGGGTCGTTCGAGACCAGGACGTTGATAGGTCGGGTGTGTAAGCGCAGTAATGCGTTCAGCTAACCGATACTAATTGCCCGTAAGGCTTGATCCTA
5,GGGGCGTTAGCTCAGTTGGTAGAGCAGCGGACTCTTAATCCGTAGGTCGAGTGTTCGAGTCACTCACGCCCCACCA
6,GGCCCGGTAGCTCAGTTGGTAGAGCAGCGGATTGAAAATCCGCGTGTCGGTGGTTCGATTCCGCCCCAGGCCACCA
7,AGGGGAGTCGCCAAGTTGGTCAAGGCACCGGATTTTGATTCCGGCATGCGAGGGTTCGAGTCCTTCCTCCCCTGCCA
8,GGCGAATTAGCTCAGTCGGTTAGAGCGACGGAATCATAATCCGCAGGTCCGGGGTTCGAGTCCCTGATTCGCCACCA
9,CTCCCCGTAGTTCAATGGATAGAACAAGCGCCTCCTAAGCGCTAGATACAGGTTCGATTCCTGTCGGGGGGACCA
10,GCCGACGTGGTGAAATTGGTAGACACGCTATCTTGAGGGGGTAGTGGCGAAAGCTGTGCGAGTTCGAGTCTCGCCGTCGGCACCA
11,GGGTCTGTAGCTCAGTCGGTTAGAGCACCGTCTTGATAAGGCGGGGGTCGTTGGTTCGAATCCAACCAGACCCACCA
12,GGGGGCATAGCTCAGCTGGGAGAGCACCTGCTTTGCAAGCAGGGGGTCGTCGGTTCGATCCCGTCTGCCTCCACCA
13,CGGGGTGTAGCTTAGCCTGGTAGAGCGCTACGTTCGGGACGTAGAGGCCGGAGGTTCGAATCCTCTCACCCCGACCA
14,GGGTCGTTAGCTCAGCTGGTAGAGCAGCGGACTTTTAATCCGTTGGTCACTGGTTCGAATCCAGTACGGCCTACCA
15,GCGGGCGTCGTATAATGGCCATTACCTCAGCTTCCCAAGCTGATGACGTGGGTTCGATTCCCATCGCCCGCTCCA
16,GGAAAGGTGGCAGAGAGGTCGAATGCGCCGGACTCGAAATCCGGTATACGGTTATACCGTATCGTGGGTTCGAATCCCACCCTTTCCGCCA
17,GGAAGCGTGGCCGAGTGGTTTAAGGCACTGGTCTTGAAAACCAGCGACGGGCAACCGTCCGTGAGTTCGAATCTCACCGCTTCCGCCA
18,GCGGCTGTAGCTCAGTTGGATAGAGTACTTGGCTACGAACCAAGGGGTCGTGGGTTCGAATCCTGCCAGCCGCGCCA
19,GCCGGTGTAGCTCAGTTGGTAGAGCAGCGCATTCGTAATGCGAAGGTCGGAAGTTCGAGTCTTCTCTCCGGCACCA
20,TCCCCGATAGCTCAGTCGGTAGAGCGCCGGACTGTTAATCCGTAGGTCCCTGGTTCGAGCCCAGGTCGGGGAGCCA
21,GCGGGAGTAGCTCAGTTGGTAGAGCGCAACCTTGCCAAGGTTGAGGTCGCGAGTTCGAGACTCGTCTCCCGCTCCA
22,GGCGCGATAGCAAAGCGGTTATGCAGCGGCCTGCAAAGCCGTGTAGGCCGGTTCGACTCCGGCTCGCGCCTCCA
23,GGGCGGTTAGCTCAGCGGTAGAGCACTGCCTTCACACGGCAGGGGTCACTGGTTCGATCCCAGTACCGCCCACCA
24,CGCGGGGTGGAGCAGTCTGGCAGCTCGTCGGGCTCATAACCCGAAGGTCGTAGGTTCAAATCCTACCCCCGCAACCA
25,GGAGACGTGGCCGAGAGGTCGAAGGCACTCCCCTGCTAAGGGAGCATCTGGGCCAAAACCTGGATCGAGGGTTCGAATCCCTCCGTCTCCGCCA
26,GGGGGTATAGCTCAGCTGGGAGAGCGCTTGCATGGCATGCAAGAGGTCAGCGGTTCGATCCCGCTTACCTCCACCA
27,GTCCCCTTCGTCTAGAGGCCTAGGACATCACCCTTTCACGGTGAGTACAGGGGTTCGAATCCCCTAGGGGACGCCA
28,GGAGCGGTAGTTCAGTCGGTTAGAATACCGGCCTGTCACGCCGGGGGTCGCGGGTTCGAGTCCCGTCCGCTCCGCCA
29,GCGTGAGTGGCGAAATTGGTAGACGCACCAGGTTTAGGTCCTGACGCCCGCAAGGGCGTGCCGGTTCGAGTCCGGCCTCACGCACCA
30,GGGTGCTTAGCTCAGTTGGTAGAGCGGCGCCCTTACAAGGCGTAGGTCGGGAGTTCGAGCCTCTCAGCACCCACCA
31,GTGGCTGTAGCTCAGTTGGTAGAGTCCAGGATTGTGATTCCTGTTGTCGTGGGTTCGAGTCCCATCAGCCACCCCA
32,GCCCAGGTGGCGAAATTGGTAGACGCACTAGGTTCAGGTCCTAGCGGTGGCAACACTGTGGAGGTTCGAGTCCTCTCTTGGGCACCA
33,GCCCAGGTGGCGGAATTGGTAGACGCACTAGGTTCAGGTCCTAGCGGTGGCAACACCGTGGAGGTTCGAGTCCTCTCCTGGGCACCA
34,CGGGGCGTAGCGCAGCCTGGTAGCGTACCTGCATGGGGTGCAGGTGGTCGGAGGTTCAAATCCTCTCGCCCCGACCA
35,AGGCTCGTAGCTCAGTTGGTTAGAGCACCACCTTGACATGGTGGGGGTCGTTGGTTCGAATCCAATCGAGCCTACCA
36,CCGCCCTTAGCTCAGTCGGATAGAGCAACGGCCTTCTAAGCCGTAGGTCACACGTTCGAATCGTGTAGGGCGGGCCA
37,CGGAGCGTAGCGCAGCCTGGTAGCGCATCTGATTTGGGATCAGAGGGTCGTAGGTTCGAATCCTATCGCTCCGACCA
38,GCCGGCTTAGCTCATCTGGTAGAGCAGTTGATTTGTAATCATCAGGTGGCGGGTTCGAGTCCTGCAGCCGGCACCA
39,AGGGGTATAGCTCAACTGGCAGAGCGTCGGTCTCCAAAACCGAAGGTTGGGGGTTCGATTCCCTCTGCCCCTGCCA
40,GCCCATGTGGCTCAGTGGTAGAGCACTCCCTTGGTAAGGGAGAGGTCGGCAGTTCGATCCTGCCCATGGGCACCA
41,GCGGGTGTAGCTCAATGGTAGAGCAGAAGCCTTCCAAGCTTACGACGAGGGTTCGATTCCCTTCACCCGCTCCA
42,GGAGGGGTGCCCGAGTGGCTAAAGGGGGCAGACTGTAAATCTGTTGGCTTACGCCTACGTTGGTTCGAATCCAACCTCCTCCACCA
43,GGGGCGGTAGCTCAGCTGGGAGAGCGTCGCGTTCGCAATGCGAAGGTCGTGGGTTCGATCCCCATTCGCTCCACCA
44,GCGCCCGTAGCTCAATGGATAGAGTACTGCCCTCCGAAGGCAGGGGTTGCTGGTTCGATCCCAGCCGGGCGCGCCA
45,GCAGCGTGTGATGAGTGCGGCTATCTGCCCTCCGAAGGCAGGGGTTGCTGGTTCGATCCCAGCCGGGCGCGCCA
46,AGATTGAACGCTGGCGGCATGCCTTACACATGCAAGTCGAACGGCAGCGCGGGCTTCGGCCTGGCGGCGAGTGGCGAACGGGTGAGTAATACATCGGAACATGTCCTGTAGTGGGGGATAGCCCGGCGAAAGCCGGATTAATACCGCATACGATCTGTGGATGAAAGCGGGGGACCTTCGGGCCTCGCGCTATAGGGTTGGCCGATGGCTGATTAGCTAGTTGGTGGGGTAAAGGCCTACCAAGGCGACGATCAGTAGCTGGTCTGAGAGGACGACCAGCCACACTGGGACTGAGACACGGCCCAGACTCCTACGGGAGGCAGCAGTGGGGAATTTTGGACAATGGGCGCAAGCCTGATCCAGCAATGCCGCGTGTGTGAAGAAGGCCTTCGGGTTGTAAAGCACTTTTGTCCGGAAAGAAATCATCCTGGCTAATAACCGGGGTGGATGACGGTACCGGAAGAATAAGCACCGGCTAACTACGTGCCAGCAGCCGCGGTAATACGTAGGGTGCGAGCGTTAATCGGAATTACTGGGCGTAAAGCGTGCGCAGGCGGTTTGCTAAGACCGATGTGAAATCCCCGGGCTCAACCTGGGAACTGCATTGGTGACTGGCAGGCTAGAGTATGGCAGAGGGGGGTAGAATTCCACGTGTAGCAGCTGAAATGCGTAGAGATGTGGAGGAATACCGATGGCGAAGGCAGCCCCCTGGGCCAATACTGACGCTCATGCACGAAAGCGTGGGGAGCAAACAGGATTAGATACCCTGGTAGTCCACGCCCTAAACGATGTCAACTAGTTGTTGGGGATTCATTTCCTTAGTAACGTAGCTAACGCGTGAAGTTGACCGCCTGGGGAGTACGGTCGCAAGATTAAAACTCAAAGGAATTGACGGGGACCCGCACAAGCGGTGGATGATGTGGATTAATTCGATGCAACGCGAAAAACCTTACCTACCCTTGACATGGTCGGAATCCTGCTGAGAGGCGGGAGTGCTCGAAAGAGAACCGGCGCACAGGTGCTGCATGGCTGTCGTCAGCTCGTGTCGTGAGATGTTGGGTTAAGTCCCGCAACGAGCGCAACCCTTGTCCTTAGTTGCTACGCAAGAGCACTCTAAGGAGACTGCCGGTGACAAACCGGAGGAAGGTGGGGATGACGTCAAGTCCTCATGGCCCTTATGGGTAGGGCTTCACACGTCATACAATGGTCGGAACAGAGGGTCGCCAACCCGCGAGGGGGAGCCAATCCCAGAAAACCGATCGTAGTCCGGATTGCACTCTGCAACTCGAGTGCATGAAGCTGGAATCGCTAGTAATCGCGGATCAGCATGCCGCGGTGAATACGTTCCCGGGTCTTGTACACACCGCCCGTCACACCATGGGAGTGGGTTTTACCAGAAGTGGCTAGTCTAACCGCAAGGAGGACGGTCACCACGGTAGGATTCATGACTGGGGTGAAGTCGTAACAAGGTAGCCGTATCGGAAGGTGC
47,GGGCCTGTAGCTCAGGGGTTAGAGCAGTCGACTCATAATCGATTGGTCGCGGGTTCGAAACCCGCCGGGCCCACCA
48,GCCCAGGTGGCGAAATTGGTAGACGCACTATCTTGAGGGGGTAGCGCCGAAAGGCATGCGGGTTCAAATCCCGCCCTGGGCACCA
49,GGAGAGATGGATGAGTGGTTTAAGTCGCACGCCTGGAAAGCGTGTATAGGTGAAAGCCTATCGGGGGTTCGAATCCCCCTCTCTCCGCCA