runs,pools,poolsize,decompressedsize,recompressedsize
1,"YAHGCC,KCTTAA,GTGATS,TACAGS,TTGGVG,HTTTRA,CAYACH,GGRTAR,WCGCCC,GACTKM",10.0,37.0,16.0
2,"MMAMBM,AGGGTG,TGACGK,ATTTMC,CVAGAT,TNSAGA,AABCRG,TCYGGC,ATAWTT,AKTAGA",10.0,76.0,14.0
3,"CGCSYA,CTAAAB,GTDRSA,KGRYHS,NNCMAW,GMTAGA,YCTGCA,GBYRGC,TCCRGA,KHHTAG",10.0,167.0,21.0
4,"TGCCTH,THCAMC,TTMYMA,TACWAT,ABGVAK,AACCTC,KARVTT,TACTSV,NTGATC,CYWMCA",10.0,68.0,14.0
5,"TBGAVM,AHCYCT,TTDTAD,CRGAMY,GTTVYK,GAWTGR,MTBAAH,TDATGA,WMDKCK,CAKTTA",10.0,128.0,23.0
6,"KMTTCC,MTKWAA,ATHATC,GYYGVG,TGWGTW,GHAAAA,TGGTAT,GGSRTA,ACDTCC,AMCAGT",10.0,44.0,12.0
7,"CGKCSG,ACCSAG,WTDMWA,CAGTKB,GACNAA,GKTAVG,TGGYTT,CTCTVY,TCCGTR,WTNTKG",10.0,72.0,15.0
8,"WANKCT,GGTCAT,CSCCTY,YBGATG,CTMTTA,AWWTTT,SAGDTK,YMSSGD,TYCVTC,TAHCCS",10.0,105.0,21.0
9,"TKYCYT,GGTGSC,KTSBAG,TYAACG,WWGWAY,TTTTTA,RGWTTG,CHCKTC,TGKYGB,GARTAA",10.0,65.0,15.0
10,"VADKMC,CSASRA,ATVATT,GSAWNA,TARVCG,TCYMSS,YYCTBR,TKGYTT,GCVTTY,GNGVCR",10.0,143.0,15.0
11,"ATVGTC,RAANTA,CTACTT,WCTCYT,ABRCGG,MCWTTT,TRGGNK,KMTCAA,BCMCYT,AGKTWG",10.0,62.0,17.0
12,"CGTSGT,NVCTDT,MWAGGA,CTACBA,TGBGCC,GSTCAA,TCGCTT,CMTDVH,GKCATD,KCCBTG",10.0,117.0,20.0
13,"DYTGAY,KGDYKA,TKTCKB,GCCAAC,GTGKVY,CATTCK,RGAGGA,AGTRCT,TAWTTT,KMGCTA",10.0,73.0,15.0
14,"GRGYAC,CBGASA,TKTSKC,CSTGSA,SMGSAA,WGYACT,CAAGHG,AWGBAY,WAARTK,CTTSNK",10.0,73.0,17.0
15,"VAGYGS,MTGGTK,WGTKYD,YWKNKA,GGHKGG,TGACTC,ASGCMM,MCAMTK,CCTTAH,AMMGTV",10.0,142.0,17.0
16,"AATCGN,TCTSGY,YGAGGG,GCAKAG,CCAAYG,TCCCTG,CAAACV,TKWTGK,TAKGAA,ACCTAC",10.0,29.0,11.0
17,"TRRAGG,GGKCRG,THCCAG,GRATKC,KTCCCG,GGGTRT,MCTCTA,GGKRKA,ATCGMV,BCGTBC",10.0,44.0,14.0
18,"MMCRAG,GDATHA,WGHCTT,TNAAGH,ACTTGG,KACCGW,GSTTGA,TCRVCT,HNTTGT,RASKTA",10.0,68.0,17.0
19,"KAYTWV,CCHMAG,MSGAVS,ACCTCR,YAWWTT,DTSRGS,RSTMHB,CGMTAR,CGTCSC,TYAAWC",10.0,170.0,17.0
20,"WTCSGA,TAACTK,CSTTCC,CCTMBG,TDCTVA,CKHCAA,AWAWGC,MASRCT,SGKGCS,CRTMGM",10.0,57.0,17.0
21,"MTKATG,GAYTCW,GRTTGC,TDCTGC,GKGCGC,CAARAR,AWAGKK,GCGGTG,RTTYBA,ADGKCT",10.0,46.0,16.0
22,"MGTTCS,YMCASK,CSAATT,ATGYTA,KTACGA,TCRKTC,WTTCAA,TCDGTT,TKBAKC,CTTWCM",10.0,51.0,17.0
23,"CNCGGC,NCGSDC,WTGYCA,AGMCCG,ATSACT,WCTCMA,CTCGTV,AACBRW,KTTGTA,MNSTTH",10.0,105.0,23.0
24,"DTCRDG,HATTGG,TVBTTG,GKCNGC,TCYHGT,DVBGVT,TGACYM,ACCMTB,ASTATD,CSTGTM",10.0,145.0,23.0
25,"MNGDWR,TCTBCR,AAYDTT,GMTBHW,AAWYCS,TAWTVC,BTMACY,TAKAWA,AWTGTA,AGAMYT",10.0,180.0,14.0
26,"ATTGYG,GATKVG,ACCTTK,KTGCKG,ATVCTG,TRCATT,GTAATG,TMWNCC,GWMCCD,CTTWGT",10.0,50.0,11.0
27,"GTSWKC,CBTRCT,KGKTAA,WKTGCM,GRRTKD,CAGCTC,HCMAMW,CGTCGA,ATMGGT,TTCAGB",10.0,81.0,14.0
28,"KCMSGM,ARAGMT,YSKTTR,TRAYGT,VGGGGT,GAMGSN,DTCTCT,ACASGH,YCYVYG,KDATGG",10.0,98.0,22.0
29,"WDVGGT,RCGANS,AGASKA,ACRRCA,SCYMDR,CBTGYG,CACGAM,RBDTTB,VTAWCM,RRDKMN",10.0,356.0,27.0
30,"MGASGM,CWWGCR,CGKRTB,MKCAKT,STKATT,CACTAM,ACKCGA,ACAMTT,GKYGCC,KCTMTG",10.0,54.0,17.0
31,"YCRCAA,AAARSC,TACHAT,GGTGCC,ADGCGT,CGATAT,TGAAHC,GGAGWA,TAMWCY,GGCMSA",10.0,33.0,13.0
32,"GAHDAA,RWNACC,VGKATB,GCRKCK,RGGTTA,AMABST,HACAGT,TAGWRG,RRAMGA,CATGRA",10.0,82.0,18.0
33,"DTKGRC,RTWWBY,SCAHAW,NAHCYW,AGACGG,ATGBTT,GSMRGA,KAWTTC,AGCACG,KAGATR",10.0,141.0,22.0
34,"CTDAAW,WCYCGT,TTSRWT,TGGVCC,YTRTAT,GTYTCT,MGRTTN,RGTTMB,WKACTT,CNTTTA",10.0,63.0,18.0
35,"CWVTGB,SKCDTG,TCCDGA,KATWGK,KCATYD,CAMSWC,NGGTAR,CWTGTC,GCACCN,AKKHTA",10.0,87.0,16.0
36,"TTKCAM,TTGGTB,KTCCDN,GCNGTA,KATRTA,CMCGAH,GCGYYA,ATRGCT,CMAATM,CGDCMT",10.0,61.0,13.0
37,"BAGCKK,CTGWTA,AGMTTA,RMACVC,CTCGDT,BTTSKT,DATTYT,GTGWCY,TSATAS,GCTAYK",10.0,61.0,17.0
38,"AYDDAW,WTACWN,VGHGGT,RAVANN,CWGAKY,NGMGTK,CGGABA,AACKBM,CGTACA,ATGWTG",10.0,199.0,24.0
39,"MGGTVC,MVTTAT,KTYAVR,CDAGTC,ASCGRG,GGDCTG,AGWATA,VCCCYS,ARACYT,TGYTGG",10.0,66.0,17.0
40,"TGTSGM,GAHTKT,GCGTAG,VTTACW,TTCTGA,HCTAYA,WCCGCA,AGTCYS,WTYTGB,HCDAYC",10.0,60.0,14.0
41,"STRCCA,GATTWA,MCKTTA,TGTTTB,MAATWT,TWWWCS,TKWMTY,MMACAC,TTCGGT,MMACTA",10.0,58.0,19.0
42,"MAVAGN,MTCAYC,CRCACK,NGCTKA,GYCAAT,CTTACA,AGACAT,TGACSG,BBGACK,YRGTRT",10.0,72.0,15.0
43,"GCGRVG,ACTTTA,VYDCYY,YBCGCR,BNTGBA,CGACCG,GATTSB,KGNAYW,GCCTNC,NCCAAB",10.0,182.0,23.0
44,"CCGTYK,YGCACK,ACCACH,AAMAWN,HGCSST,CWHCCC,RDRTAG,AGTKTC,TSVNAC,TYKAWK",10.0,99.0,13.0
45,"AGATAS,CTCHCG,GADCCC,GGCCNT,TAKSAC,GWWTAD,GGCABA,CTVYWG,GMTRMW,AWANVD",10.0,131.0,14.0
46,"MYGCCS,HKGKCA,AAMCCG,GSGGWG,BAGKGG,TDGGWA,ACYARG,MTTAYA,SGMATC,HGACNM",10.0,74.0,20.0
47,"AWYYRK,GTCHVT,ACGATY,AGCGTC,CYGACT,AWCAAR,WCAGGC,WATTCM,GTTTBD,GAGCCT",10.0,66.0,12.0
48,"ASGTBY,STCTAA,TCMHKC,MKWTAS,TGMCCB,CSHTCG,GAGASC,YBCMTK,CCTMGT,TCCTKG",10.0,84.0,16.0
49,"ATCDBG,GGTTAA,TATTWC,AVTACR,TKACKG,TKGWTC,CWTCSN,GTTDCT,VGRDCA,TTTYTT",10.0,65.0,12.0
50,"ATTYRD,YDGTRY,AMKGGT,GWGYSG,AGCACG,KBTAAM,ATMHWT,RWTGAA,THTNHT,YCMRDY",10.0,161.0,16.0
