poolsize,primer_length,uniformity_weight,hits_weight,species,num_genes,transcriptome_size,mRNA_GC,blocked_GC,randomers,degeneracy,num_genes_hit,genes_missing,total_hits,uniformity_score,individual_times,time
453,6,0,0,S_mutans,1895,1757122,37.486905474142176,53.15233536887275,"ATAAHG,AAGWNG,CATANT,GATANT,WAWAAC,KCATWG,TTGTBG,AATTBG,TGAGVA,ATAADA,CAGAVG,GCGTMG,GAAAYD,GCGAWA,GWATMA,GCAAVA,RAWGAG,CRCCAA,TATAHG,AGACDA,TGATHG,AATGVC,CGCGDA,ATATDG,GCAADT,AGTAMG,GTTGDT,MGAWAT,TAGAHT,GATCRT,TATCAC,CGAADC,GAAGYS,GCAVTG,RATAKA,ATTGDG,GATCWG,CGCAWA,AYGATA,CAAARA,TGTRMT,ACCRAT,TAATYK,GCAYAA,WAAGTR,TGTTWG,CCCCCC,GGCYMA,AGTCGN,AAGTNT,TCGTDA,TTGCBA,GAMAAT,TRGTMG,CTGAHA,CGTABC,RGYATA,GACGMA,TCAGHA,AWATAA,SAGTAC,ACCRTA,GTTKRA,AAACRA,CCGHAT,GAGGBC,AGTTKG,GAWASC,AGGTMT,AGACRT,GGCYWG,GTCGDG,WAMATA,WTYTGT,SGTGRG,TCMCAT,GGAAMA,TTTGBT,GCGTRA,GGAARC,ARACSC,GCGGMA,GTAADA,KTTGTG,ATGGYG,AKGTWG,CTGTMA,TYGTAT,GTGGVK,CSATRA,TTGCAC,CATCHG,TGAART,GMCCAC,CATCGC,AGCKYA,TTGCTG,GCTTGA,CGCTRT,MSTGGC,GATGMM,ACTAWT,CATTRG,CCGGAG,ASGSCA,GRTCGC,GCGCKG,GGGGKT,GAGGWA,ABTAGA,CGCCTA,TGGTBA,WCTGTW,GTCCRA,ACAGCA,CTAGRT,AACTCA,WTAGAC,SATGGT,RGGAYA,ATAGWG,TSTTTA,CAATGG,AATCMC,ATAGKA,ATCCCT,TSGGTG,TCCASG,CGGARG,TKAAAG,TAGABA,GKTTGT,CGTCSG,SAGTCG,RAACAT,CTTGAT,TMGRCC,TGCGWA,TGCBAT,GAGGKT,AAGGAT,CAATTT,CCAGWA,ATCWGC,RACATK,TCGAMG,AAGGTA,SGTGTA,GTTTCT,GCTTTG,AGCKAG,ATCRCG,GTGGWA,GTGAGD,AACTTG,CACTAC,GGTYAA,CWGGAG,TTTGKC,ATCRTA,CAAMAC,TGAAWC,TGTAKA,ACGTYG,ATTGRC,TCDAAA,CAGTGG,GACGSC,CTGGST,TTGAMA,TGAGWG,AGTCAC,TGACWA,AAGCMA,ATACRT,TTTSTA,AATCGT,TAGGKG,GCTCWG,KAGCGC,CCGGCC,TAAGWT,CAGGGA,YATGGC,AAAAYG,GYCAAC,CCAYGT,ATGAMG,AGGAAC,TAAMGT,ATCAGT,WTAATC,AWGTGC,CTGART,GCKCAA,ATGSCT,TACAAT,TTGTYC,TTTCAT,CACGRA,AGAGRC,GACTGK,GAAAGA,CMACGA,TTCTMG,TAAGAC,AAATRG,MTTTTT,TAATMA,CTAAKT,CCTAWT,TSCGAG,AGAAKT,GACTCC,CAGGCT,GCTCAC,ACGCTG,CGARTA,CTTAAA,CGCGST,TGGCGG,AAACGG,CGAYAG,GRCACC,AGTGKT,ATCGAC,TTGAWG,GTAAYG,TGTTGT,AGGGGT,CGGCMA,GTACSY,ACCCGG,CTAGWC,AAAGMC,CATAMA,AAAWTC,CCGYAA,GAGAAG,CGGCCY,GKCAGC,CMCGAT,CGGTGA,GCGRGG,GGCAAA,AATTTW,TAGGAT,TATARA,CTCGKC,AGATAG,GYGTAT,CCGTGG,AATTAC,CGCAKC,ATRCTA,ACATWA,CATTSA,AGYAGT,AAAACT,TGAAGA,GGGRCG,GTTART,GAATAC,ATTTAT,ACTTTG,ATAGAT,GCMTAT,AGTACC,CSCAAG,ATAGTC,AATACC,TGCCCC,GCRGTT,GGCCAC,TCGCAT,GAGACT,YCCGCA,RTGCAG,ATACTG,AACAAG,AWTGGA,GGAYTG,ACAAGC,CCGCAG,TTAGYG,TAGGTA,AKGTAA,TACGTC,AACACA,GTTMAA,GGACAT,CCTAGA,TACTGT,TACTTG,AAYGGT,AYGGTC,CGTAWG,TGCCTG,TCGATW,CGGTTG,ACTGAC,GCCCTG,ACACAG,GCCTGG,ATGGTA,AAATGW,GACATA,CTTATG,ATATWC,GAWTGT,GTTAGG,TGTACG,CGTAAT,GRGCGT,GWAGAA,TAGAGC,TGCAYA,TTCWTA,TGTTCA,AAYGCG,MACGGC,CACATT,GTATGG,CCCATA,CTATAA,AKATTT,TTAAWT,ACGTTT,ATTCTK,GTTCAG,AACGAA,GGGCTA,TAAATG,CTATTG,TATAAT,TAATGC,CAGAAA,GGACCA,CTYTGT,AATGTA,GATTGA,TGGTAT,GGCGAT,TATGAC,ATAACT,TGAGGT,GCATAC,GGCGGG,GGCGTA,AAGAKA,TATGTG,GGTGCA,TATTST,AGAAGA,CCTCAT,GCGAGC,TAGTGK,GGGTGG,CCTSGG,TAGCAG,CATTCC,TCATRT,CAWAGG,TAGTAA,AAAGAT,CAAAAT,TATTGA,GAGCAA,ATGAGT,ATGACC,ACTCCK,CCCTGA,CCCTCG,CCTCTA,ATTGAT,AGTGGG,TTGATC,TGACGC,AAGAGC,AAGACT,CTTTGC,TTCGAT,ACATAY,ACATTG,TGATCT,GACGCG,CATATC,AGACTG,CTCAAC,AGTGCA,AGTGTC,AGAGGT,ATTCAA,CTCAGA,ATTCGC,TTCTTT,TCAACA,AGAGCG,GCAGAC,TCGCGC,TTTTTH,GTGTCA,CTGTAT,GATCTM,ATCTCG,GCTGMA,GTAGGC,GTAGCG,ACGAAY,ACGATG,TCTTTT,GCTAGT,TTTTAG,TTTAGT,GCAGCA,TSTCGA,CAGCAT,TCTCGG,TCAGCT,TGGAAM,CTGGAC,GTCGCW,TCGCTG,TTGTGW,TGGGTC,CGGGGR,TCGGGS,CTGTCC,CGCTGS,GGGGAA,GGAAGT,GGGTCC,TGGAGT,GGATGA,GCTGGG,GTCCCC,CTGGGA,AGCAAK,AGCAGC,TGGATG,GCAACG,TGCTAM,GCTGTC,KBACGG,TGTCAY,TGTCCG,TGTGAG,GTGCAT,TGTGGA,TGTGCC,GTGCGA,TGCACG,TGCATT",839.0,1895,,412260.0,0.33798687833923985,N/A,0
468,6,0,0,B_thailandensis,5569,5814632,68.11989222914801,55.8639720801883,"GAAADH,ATRGHA,AWGTDG,WAATRY,GTAABA,TCTGHG,ARAAMT,WYGAAA,GAAGHA,MCGCAA,AATAVS,KGAAVA,WTAABT,KWGTAG,CATTDG,GATAHA,TGTARH,CBGTAA,WAAGWT,ACAGMG,CTGTNG,GTTGWA,GGGCAT,YSAATA,TTGADG,BGAKAA,TRTGCT,GTCCVT,RATGMC,AAAGVC,AGAAHG,CASTRG,AGTGDA,TAGANA,AAAABA,AGACDT,TCGAHG,RAGMAW,RGAGCC,MKGATA,AGAADC,RAATTG,GACABA,TGTCWT,GTTCWG,ATAWDC,GTCGHG,WGTKGT,AGCCGT,GGSAHA,ARCAWG,TAAABT,TCTGDA,GTGGWT,GGACVC,CYAAAG,KARTAA,CGCTCA,AATGHT,CAMCTC,CACKAA,GCCAAT,TAATHG,GTAGWM,ATTGDT,TTTTRC,SAATGT,YGAAAT,ATAMYA,GTTTRA,ACGTKC,CAAARA,TARCGG,GCTTAA,AATGWG,TAACWC,TTGTST,CACGTT,GCAART,AAAGDA,TATCKT,GATKSA,AYTCAA,CWAKAA,RCTCAG,ASTAKA,YAAGTG,GAAAMG,CKYAAT,MTCGGA,WTRGGT,AGCCCA,CATART,CATAWA,CGTAWC,GTATRG,TCTTVT,CGCRWA,CGTAAA,ATGTDA,GGTMRC,TGATMT,TGRGGG,ATACWT,WTTTGT,AGTADG,TGGGTA,GCCTAG,GGCGGC,TGTGWG,AAGADG,TGTTRR,GAGGGT,ATGAWG,GTAAMY,WCGWGA,MTCTGG,AAKTKT,AAACGN,CATCTG,CGTGSC,ACCTCG,KATSTG,GGCGTT,TTCGAT,GGGGGG,CCAGAA,CTAADA,WTAATG,ACATRA,GAGGTC,CTTAGT,AGACGC,GTTWGG,TKCATT,TTTAST,AATCRT,AMTAAT,TCCSTR,AGAAMA,ASKAAC,TTACGT,AAAARC,GTAACG,GAGAKC,AATVTA,GGATRT,ACAGKT,AVCGAG,GGGAGC,AAADCG,KAYAAT,AATTGR,TTCYTA,TACATA,CCGTGC,TAACST,CAAASG,TGTASG,TTAGKC,ATTCAT,AGGTVT,AACGRT,ATAWAA,AGTCRG,CGTGGG,CGGTRG,CATASG,TGCACG,CCAGCC,TATARR,CTGAMA,GGGACG,CCGAKC,GCACMA,CCSAAT,ACCGAT,CCGAGA,GDGTCA,CTGAWT,CGAGYG,ACTGYA,ACYCTG,TMGGCA,ATACGC,MTCATA,GTCAKA,KCGCAA,CACCCA,GGACWG,GGTKTA,GTGTKC,TACCTG,GCTMAA,CRCAAG,GAACAA,CTCTTA,TGAGYA,GGTTCC,TGATRC,GCGAMA,KAKTGT,GTAGKG,GCAASA,AAACAT,TTGTKG,AGCART,AGATMC,TGTGSA,ACAGCA,ACATAY,TWATTT,TGCGMG,TCAWAT,TCAWTG,GAACGG,AYTGTG,GATCYT,SAGCGC,GCGAAG,CTAGRT,CAATAT,AAWATG,AATTAC,GTTGKG,AGTTSG,MGAGAT,SGCAAC,AGCTST,TSTCCG,TCATAA,GTCTRA,AGCTAG,GBTGTC,GGWATG,AGKGTC,ATTGCC,AGCAGA,ATAGAG,GAAGWG,TGGAMA,GGGTAC,AACACR,KCAGAA,TTCTGT,GCAAYG,TCGGAT,TAGGKT,CWCAGG,TAGTMC,ASCATC,ACCATA,GTGMTA,TMGGTG,TTGGWC,AAGCGW,TTTGRT,GTTCCA,AGTRGC,AAGTAA,TTCCAC,CTTTKT,WGAAKT,GSGTCG,GMATAG,GACGYA,TAGGTC,ACTGAC,TGACAA,CAARTT,CGGATG,ATAGTC,CWCACT,GGGTGT,GSTAGT,AGTAGT,TWGTGA,CAAAAC,CCCACA,TTGAKA,TGCTAA,ARCGGC,GACTTT,TCAGAG,AGCGCA,CGAARA,GAAGAT,GTGWAT,AGTGAT,GTGAAC,GCTCCT,AACGAA,ACGATG,GCGCGT,ATATMG,GATAAS,AACGGG,ACGGGT,GAGAGT,CTTTTG,GTGGCA,ATTAGR,GATTAG,CWTGAT,AGGTAG,TTATGG,TCAGGT,AATCGS,ATCCYT,ATCCTC,TAAAKC,AAACTC,ACACAT,TAASTA,AGGTCA,CGAAAG,ATGACT,CAGARA,AAGTTC,ACACTG,CGATCT,AAATCT,AGTCYT,GGAGTA,TMGTCW,TCCAWG,ATGATC,TTTRAC,MCAAGC,GTGGTC,CCATAG,ACAAGT,TASTCG,CCATCC,TAACTG,CGTCYG,AGTCTA,ATCGAC,CTCCGC,ATTTTR,CTDGAG,CTTGCC,CGTCTT,TTTAAG,MTCGTG,TTKGTG,GCATAC,TAAGAC,AAGAAC,AAGATT,TGGAYG,TTGTAC,AACTAT,ACTATT,ATCTGW,ACTCGT,AATGGA,TAGAGC,CRTGTA,ATCTCC,CGCGGT,AATGTC,CTAAGT,AACTGG,GCATGG,GAGATA,CATATC,CATGGC,TATGGG,TCTGGC,CGCGTG,CAGGCA,AGGCAA,TGGYTA,CAGAAK,TGATAG,AGAGAC,TTAGCG,GAATGA,CCTCRG,GGATGC,TCTAKG,TGAAAC,GAAACA,CTAGYA,GACGCG,TATGTT,AGAGCA,AGAGTT,TGAATG,GGCTAG,TCGTGG,GTATCC,TTAATA,TTAGTT,TGGCAT,TRTCGA,ATAAAT,TCGTTC,TAATGA,ATGGAG,ATGGTT,TTTTGA,TTTTTT,ATGTRC,TTGACT,GCTAGA,ATGTCG,ACGCAC,TGGTAC,GGCAGC,CGTGCT,TCCTMA,ATAACG,CCGGGT,TAGCAT,CTAGTC,GGTCMG,GGTCCA,GCCCTS,TAGCTC,CCCTGG,GTMCGA,TCCGGG,TAAAAA,TGACGC,TGACTT,CTATCT,CCTGTC,CCTCAT,TCCTAT,AGATWA,AGATAT,AGATGG,TCCTCG,GATATT,TAAACG,GGCTGT,GCGGCS,GCCCCT,GTCCAG,GGCCCC,CTATTG,CGGCAA,TGTACC,GTACTT,GGCTCA,CGGCCC,TCACAG,TGTATA,CTGGAA,TGGAGT,GTCACK,TCACTT,TTGATC,CTGGCT,CTGTCA,GTCTTS,GTCTAT,TCTAAA,GCTGTW,CTGCGW,CGTTGK,CGTTAA,GTTAAT,GTTGGT,TGCGWT,TGCGGC",888.0,5569,,922817.0,0.3412947037144972,N/A,0
437,6,0,0,E_coli,4437,4112450,51.797936290345305,54.50993056676893,"GGGNGT,TGTAVT,STCWCT,AATGNA,AAATHA,ATATDG,GATCNG,TAGANA,TAGGNT,AAAAWK,TAAANT,RAAKAC,GTTGDC,TCCTHA,KATGGG,CACYCA,WCCAWA,AATAMB,ACAGVT,GAAAWD,TGTADA,TAGTDG,GKGCTA,TGAABA,AGAGHA,ATGTNG,CCAADA,MGTAGA,GTARMT,TAKAHT,RASAAT,TAATVT,CKMTGT,TAAWRC,TCACGT,TGTGDG,GATAHA,AAAWKC,GWRKAA,AGTANG,AATCDT,CCAYAG,CATCTA,GAGGCA,MGAAAK,AAGWRA,GTCWKA,GGAGCC,CTAGBC,YRAGAT,AGATBG,TGACDC,GMTGTA,TCACCA,ACAAWT,RARTGT,GGYAWA,TGCGDA,GTGANT,AGCTTA,AATTRC,ATAAHT,CCGGCT,CGTCKG,GGAGTG,AGTGHA,GSATAK,YGTKGT,TAAARA,CAATVG,CGTCTC,SCTCGA,TTGANA,ATAGMA,KAKCAT,TMTCGA,AGGCHA,ATACMG,YATAAA,TGCTMA,GACCAT,TSGGAG,AGCGKA,ACKAWA,TWWCTG,GATGAT,GACCCG,CSCAAK,CTCGMT,TTGGNT,ATAARA,CTCAWA,AAAAYA,AATGWC,KACGCG,ATMYTT,AACGKG,AATASA,GATTST,CTCAKG,CYATAA,GAGTSC,AGAAKT,ACCTAG,AAACKG,TSTTGA,TTCTDG,MACTTG,GCACTG,CCGCGT,AAAGMG,GCGGWT,GTAAHC,KGATCT,CTGTDC,TAGTWT,TCATWG,CGTGRG,CAAAWC,ATAAWG,GATGGA,AATTYG,AGAGYG,ATAGRT,GTTGWA,AAGAYG,TVGGGC,GAATDG,GMGTAG,CTAGWG,AYGCGA,TTGTSR,GGCCAG,TTCGTT,TAAACG,TGTCDT,GATCSC,CATAKA,BGGATA,ATTTCC,ATCCCG,TGWTCG,AATGST,TCWWGT,TAATYG,CTCGTG,GCTTGA,GTGKKC,TTTTYT,AAKAGT,TGTGAA,ASACAA,GAMAGA,TMRGTA,CGGYAA,ACATKG,GGCGYA,AYWGAC,GGTCWC,CTGGAG,GTCTAG,CAGTSG,GGCWAT,CTGGGA,GCGAMT,GGGACG,CAMGCA,CACGAA,YCAAAT,GACGTR,TCAATA,TACTRT,AATATC,ATATAC,TTTCAT,TTTCTC,CAGCAG,TATAGG,ASACGT,GCCAAG,AGTCST,TAGTSA,GACGCC,CGAADA,MGAGCC,GGCGAC,TGGKTA,GTSGCG,ACGTAA,TCTGYA,TTCCAA,AATGTG,AGGTBT,CAACRG,AGYGGC,TCGACG,TGTGCC,ATCGKA,CTGTMG,RTACAT,WTAGCG,CCGTGC,ACGTGG,CGMTAG,AATCGG,TCGATT,TCGGAT,ATCGTG,AGTKGG,GATCTA,TGATAT,TCGTGR,MCAATG,ACGTTT,TACAAT,ATARTC,GGGTAG,GCTAGT,CTGAAT,CAATRC,GAGCAC,KATTGC,AGCCCA,CVTAAT,GTGGTT,AYGCTG,AACKAT,TGCCAC,GTCGCA,TGCCCT,ATGGWA,ATKAAG,TGGACG,AWCTAG,TCGCAA,AACAGR,GCAAYG,ATTCAA,CCTTTA,YAACTC,ACTCAG,TCGCGG,CTGACA,TTCTTA,CAACCA,ATGAGA,CTGCAC,GTAGWC,CAATAA,AGACTA,CGATCC,TGCRCG,AGCART,YGCGAT,CCTARC,ATCTGC,GACWGT,ACTCCT,GCKCAT,GGTAGT,CGCTCA,GCGSAC,WGAAAC,CAAAYG,GAGCCT,GGAYTG,CGTAWC,TCTAGC,TTARKT,TTGTYC,CGARTC,AGMGGT,GCCCAA,GCCCGT,AAAGGC,CTSCTA,GCARAA,CCCTRA,TGTCCA,AGTTGW,CCAAAG,CCGAGM,TGAAKG,SAGAAG,TGGATC,TGTTGG,TATGYT,CGGTGG,AGAAGA,AAGTWG,AGTAGC,GAGAKC,GGTGWA,ACTTKT,TCATKC,ACGCTA,CTTTGC,CGTAAA,AGAATG,AAGCAC,AGGCAT,GTTGKG,CGCGGW,ACTAMT,ATGGGY,GCGCAA,CATAGG,ATGCAC,CTAGYA,GATTGA,TAGWCC,AGTCCC,AWACGC,ATTAGA,TTTWAG,CTATTT,GTCCMT,GCGCGG,CGCGTG,TTTTAC,TAGCAA,TCCGAA,KACTAA,AACGGC,GTAKGK,GGTATG,TCWTAA,ACGAAC,GGTGTT,AGGAAR,GAGGTT,ACGAGT,TAGCGG,GCGTAA,ACGGAA,CTCCGC,TACTTG,CGAGAA,CGTATG,AGCAAC,CCGAAT,GTGTAT,AGCAGA,GCTCAG,CATTCC,CGTTAA,CGTTTT,GTTAAA,GTGTTG,TCCCTG,TGTTCT,GCTCTT,CTCTTA,ACGGCT,ACGGTC,TGTTTA,TGCATA,GGACAT,CTTGAG,GACACA,CACAGA,TATTRT,TCYTAG,AAAGCT,TCTTAC,YATGTA,ACTTGG,YTTGTC,GWAGTA,GTATGA,CGGCGG,CGGCTT,GGACGA,CTWATA,CTTACG,GACATG,WAGGCG,ATTATC,CATGCG,ACAGGG,AAATTG,ACTGTD,CTGTAA,ATTGAG,ATTGGT,ACACAG,TTRAGG,TTRATC,GAWAGC,TATGGC,GCAAAY,TCAGAG,GTATCC,GTTTAA,GTTTGT,GTAATG,GAWACT,GGAAGT,CAGAGC,CTAACT,GGAACA,CAAAAT,TCCTAT,CAAATA,GAAACC,CCTAGA,ATCATR,ATCAGT,CATGTT,ATGTAA,TTTGCG,TTGACT,AAACAA,TTGCGT,TGTAMC,TGTAGG,GAAGAG,TTTAGA,TTTATT,AGGATC,TTAGAC,TTATTA,AGATAY,TAGGAA,TAGGTC,GTGAAS,GTGAGA,AGGTCA,TGAGWA,TGAAAT,TGAGAG,GAGAGT,GAGATA,GTCCWA,GTCCGG,TAAGTK,TAAGGC",804.0,4436,b4661,719991.0,0.2991155964742616,N/A,0
450,6,0,0,M_tuberculosis,3950,3988501,65.8999539233721,59.400611620795104,"TAAADA,AAAAHD,SAAGHA,CATANA,TAACDY,CGTAVA,DGGTCA,ATARVW,ATAANC,AATARN,GATGNA,WRATAA,TGAADW,TAGABT,YASATA,AAAGNT,AAATVT,AGATHG,RATAYA,AAACDT,WCACRT,AAGAWD,CGCGMA,GGTAHA,GMAAVT,AAATHG,CCCATA,AAAGMC,CAAADA,AAGCVT,RAWCGG,CGCADA,AAGTVA,TAGTRT,ATACDC,CAAGMG,GAGCRG,ATGTNG,TTCTVG,KMGCAA,TCAAHG,RCATAS,RKCGTA,CTTWTG,ATRATW,TGTHKA,AATGHY,TTTGWC,TGGAHC,ATAAHG,AGTGBC,YCATRT,GTAABA,TAATWG,ACTADA,GAAAHA,ACCRAT,CGTGWA,AGAADA,CGTTKG,MATGWA,TGGADT,AACABA,GTATDG,TGGTSG,GTATRA,AGTMSA,TGTVAC,SGRTAA,CGYCGG,ACAGHA,WACGGT,AGTTYA,YATAMT,CCGRAA,MCAGAY,MTACAA,TCGWRA,TYTKGT,CTAGVT,MTGWAA,GTATCC,TGAGBA,YGTRAT,WTRGCG,GCAADC,GTGCST,GRTART,WGCAAG,AAAHAC,AGATMC,AGAGMG,TCTGBA,GATAVC,ACARWG,GCAGYT,ACTAWG,GTCGMA,CAATRR,AGATKA,ARAGYA,ASGGTC,AGAAWT,AGCAMT,TCTKAG,TGCTWA,TTGTKG,ATGAHC,GAGAST,CAGGAG,GTGCTA,GKCYAA,CGAWWG,GCAARA,GTTGDT,GCGGTA,ACGARA,ATCCMT,TTCSAT,ATGCMG,AACTHG,AGGMGC,AGCARC,ATATWR,CCCCCC,WTCCAA,ATGGYA,WGGGAG,RACAAT,TAAART,CTCGWC,CACGTT,AGGTRT,KCCTAA,TGCKAG,ACTAAC,ATACRG,GCCAGA,AAGAVC,GAATRC,CGGAAG,CRAGAT,GAGGYC,TTACCT,RTCGKG,TCCTTG,MCGCAT,GTTGRA,TATGBC,ATGCWA,AGTGKA,CTACTG,ATATRC,TTCGTA,TAATSA,CATTMA,GGACSA,CTGGAD,AGACKT,ACCGTG,GYACAG,TCGCAT,AAAHGA,CCCTAG,TTCCGA,TTGCKT,GSGAAA,CTTATA,RTAGAC,WTATGT,TCGGYA,CCTCRT,AACGCA,TTTTAC,AACGTC,WCTCAA,AAGGCT,AGRCTG,TTGGTK,ASTTCT,GATCST,GGAAAG,GKACGT,AGGCTA,TDGTTC,ARGTAG,ATTAAC,GACTGT,GGTGTA,AGCAWA,AGTTCG,TAASWA,CCTSTA,TAGGWA,CKGTAG,TCCGGC,TAGARC,ACTGTD,TGTCGT,GTGTAG,ACTCTG,GTGTCT,CCTCGA,CTCMAT,STTCAG,GATCKC,TAGGKT,CGAGAC,GTAAMT,MATTGC,AGGGGT,TTAAYT,ARGACG,GGAAGT,AGAGTT,RAGGTA,CABATT,ACATTG,TWTAAC,GGARCA,GGGGTT,GTGGMA,ARAAGC,CAAAWC,TACCCT,AWAGTG,TAAASG,ATCTWC,TGGAGG,CGGTCG,TAAGMT,TCTCWT,GGGCCA,TAKCGT,CGGTTC,CAGAMA,GGAKAT,GATCTA,TATCGA,GBTCAA,GAWTCT,CGTAAG,CCGATA,TGGATA,GTAGWA,TRTTGG,CGACGC,TAGTSG,TCTCKG,TAATKT,GTTTAA,TCGAAG,GAGATA,AGCWGG,AATSGT,TCGACC,GSTCAG,CCATRA,TCGATT,ATGTMT,AATCAA,GCAGAA,ACGTYG,GTTTGT,ACGAAT,ACGATG,GCACTT,TCAGMA,ATTCTR,GGTCTM,GTAAWG,AATCTC,ATCATR,CAGAAG,TCCGCA,AGATAT,CAACYA,CGATGT,ATCGGA,ATCGTT,TTCTYT,GAGTAV,GGTCGT,TAAATC,TCTAGS,GAGYGT,TARCTG,GATRAG,TTAGRG,GGTCCG,TCGTRT,AATTTR,TCGTGG,CRGCAA,GGCAAW,GCCTAC,GMTGTC,GGGAGC,CGGCCC,GTGATW,AACTTC,TGAACR,TAGAAA,ATCAGT,CTATAA,CYAATG,CAATGC,ATGAAK,TATARA,AGTAMG,AACACY,CCTAAT,GTAAKC,CCTAGC,AGAACG,GCTGGA,ACTTGG,CCTATG,CGAAWA,TATWGC,TATACG,TATTGT,GGCCGA,TGAMAC,GTCCAC,GATAAA,CACAGA,CGTTAA,TCTTGA,GGGATG,CTTGAT,GTGRGG,CAGCAT,TTMATA,AAGCAG,TTCART,TGGCKC,ATTGCR,CAAGYC,ATTGAC,CTAAYW,CAACAS,GTCATR,ATACKT,CTGGTC,GMATAA,WTAGTC,GACGSC,GACGAT,GACRCA,GAAARC,CTAGTG,ATAGTA,GAATAG,GTCCGG,GAATGT,CCATYT,TAAKAC,TTWGTT,AATACT,TAAGCG,TCAGTG,ATTTAA,TAGTCC,AGTCMT,AGTAGT,CATCTR,TGGCAT,CGAAAY,GCGCAG,AAGCGA,GGAGCG,AACAGG,TTAAAG,TTGCAC,TCCAWK,TCCATA,AGTCAC,CATCAT,TGGCGA,CCAAAT,CCAAGA,GGYTCC,GTCAAC,AGGACC,TTTAGA,GTCACT,AAGTAC,YTGTGA,GGCTAG,TGATGG,TGCAGC,CGCATS,ATTTGT,TTTGTG,TGCACT,GTACAY,GTACGA,ATTTCC,TGCATA,GCATGG,TACGTY,ACGTAA,GGTTGG,TCAAMT,CAGTGG,CAACTT,CAAAGT,TCATAR,SAAATG,GTTGTG,TTGTGT,TGTGAG,TGTGGA,GAAATT,TACAAW,GATGAT,TACAGC,GTAGAG,CTGAGK,AAGTGT,GGTTCA,ATGACA,TGAGGY,TTGATS,TTGAAT,CATAAC,CATACG,TGATTT,GACAGA,TGACAW,ACAAGT,ACAACA,GTAGGT,GGTAAC,GTAGCC,TAGCCA,CATGGY,ATGGTC,AGCGGC,TGGTAA,AGCGCA,AGCGTG,GCGTGA,CGTGGG,GTGGGC,TGGGCA,AGGATA,TAGGAC,TAGGTG",888.0,3950,,576179.0,0.3368427706827753,N/A,0
447,6,0,0,A_dehalogenans,4480,4557719,74.66300076585487,59.350912778904664,"AAAWNC,TAACRH,CCRARA,GAAGNG,HKGATA,GTAKNG,AATGDR,AATAVM,TAAADC,RCGWAG,AGTGNA,SGTAAC,ACTCNG,AAAAHG,AAACDT,ATGTNC,ATAGNA,AATCDT,CRGYAA,SAAABA,GTGMMT,MAATRG,YGAGMA,TGATVT,AACANA,TAAKMA,CTGAMA,RAAGWA,GTGGBG,TAGTBG,AAGARV,MTGWAG,AATTBA,KAGWGA,GTCCHA,TTCYTG,GGAGTG,GAGCNT,ATGGWA,GTAAHW,AGTADG,TCAAVT,AAGTVW,TGTADA,AGAARC,AGTTHA,AGGTNT,TTATDT,ARAACW,RGAATG,GAWABT,AATARG,ATCTHG,CATADT,CTAMWA,WAKGGT,STWTAT,AAYTWT,GACAHA,ACAADT,GCAAWT,TGTGDG,TCATTN,YGAGTG,WTAKTG,YACGTT,CATAMS,CGCGMA,RTTGKG,GCACRA,TGCGDA,TAAART,ATACBA,ATAGRT,TGTAMT,STGYAA,TATTNT,TTGTMT,ATTTHT,RAACAC,RTGGKT,GACCAT,KGGCAT,WCCGTA,AYGTKG,GATARA,GAGTRT,AGCAVT,ACCATG,CATGWA,CACGDA,AATGKC,ATGAMA,TTTAKA,ATATYC,CATCWT,AKTGRT,AGCGHA,ATCAWG,KCAGAA,TCCCAA,CGCGWG,GGWWGA,YTAGTC,ATGCYG,TCTTVT,GTTART,MACWAG,ACACWG,GGGMCA,RACAMT,CCGTRA,KATCTC,TATGHA,ATTGMC,GSTGWA,GTCTDA,ACGTDC,AAGTRG,GCGCAC,TAATRG,TGAAHA,TATSTG,TGTTKA,AGAGAN,ACAYAT,GAACTA,ACABTA,GTCCAC,TTGGWT,TCKTMA,AAGTWC,ACTABA,TYAATM,GTTGWT,TGGKTC,CTATAA,AKYATA,AGTKGG,TAARYG,GGCCAA,GACCGA,TCCAAG,GAGTGG,TGCAMG,RTGTAT,GGGCTG,ACAKAC,ACGAWA,AGTRAC,SCATAW,TTGTKG,AAACRA,AMGGTC,ATTCKC,CATAKA,AACGMC,GTGAWA,AACGRT,GCGTTT,CACTBT,CCCTGT,GTTBAA,ACGGAG,CTTGTC,ACTWAT,AGTCWT,ACTWCG,TGATRA,TGTGSA,ATCCCT,TAABTT,GCAASC,CGGTHG,CGAAWG,AYGTAA,GAATDG,TTCGAT,CATGKC,MATTTG,GTCCGG,CCACGA,TKGACA,CTCGTG,TTAAGG,ATTWGG,GKTTGT,AACRCG,AACATT,CAGGAC,GTCGSG,MGTAAT,CGTARA,ATGAWC,CTGCMC,KCTAAC,AGATRA,ATAGWC,TACTVC,AAWGCA,KTGATG,GYAAYG,CCTGYA,TRCAAY,ATYATT,AACGAA,GYTCAG,TGATWC,TAGAWT,AGGAAC,ACATGG,CSCAWA,ATGRCG,TCAMAA,CAAAWC,TGATAG,GWCGYA,CRACTC,CAMAAA,STGTGC,AATGCT,GATGKA,AGATYG,TCGATC,GATAYG,TTCTGT,CGGAYG,TKTGCC,GCTCAA,GTAMCC,TGTGCT,YATTGG,ATTGGA,TCGCAA,CAACAG,GSATAC,TGGGTG,GCTCCT,TGTAWC,CGTTGT,GAAARC,TTGAAT,GCCRTC,ACGAAC,GGACRA,TCCTCA,CAMAGG,ATGTCT,CTCCGC,TTGGGG,ACARCA,CGGACA,AGGCWA,ATAASG,AAAGMC,CAACTT,CCCATC,AGCAKC,TCAGAK,CAAAAT,GATRAT,AAGCKA,GGWCGT,TTCAAA,CGTTCA,TGTCKT,YGAAAT,AATAST,SAGCAG,CCGCAT,AAAWGT,TMACTG,GGACAC,GAGAST,GCMATA,AAAAGA,KCAGCC,CAAKGT,AAMTCA,ARCTTC,GATGAC,CGTTTG,TCTACT,TAAGGC,CGTGAT,RGCTGT,TGAARC,ACGTCG,AGAGCT,AACTTG,CATTAT,GGCTAA,ATTCCA,TTCACG,GSATCT,CGTCGG,GGTGTC,ATACSC,AYAAAA,CAGAAT,AKACGT,GCCAAT,CACACT,RAAGAT,TAAAGA,TGAAGT,GTAAGT,TGTAYG,GAAKCC,TAGGSG,GGRTAG,TGCCMC,GGGGWA,GAAGGT,GAGACG,GTGTYG,TGCCKA,ATACCG,CAGAGA,AAGGTG,SATCTA,ACCGAG,AGGGGA,CAGATG,GACTCA,TCAYGT,TGCTAA,GGGTGM,TCGTGW,AGGGTC,TYATAC,ATTTAA,TAACCA,ATGCGC,ATGCTA,CTAGYA,GCTGGW,GAGCAC,TAGTCW,TTTKTA,AATCAC,TAGCAG,AATTCG,AAGCGK,AGTCTA,GCTGTS,ACAAGC,ACGCWG,ACGCAT,GGTAGC,CGCTAA,ACAATG,GGTATA,TTGTAC,CTAGCT,GCKAAA,CAAKTA,GATCTT,CGCTGG,GAATAA,GCGAKC,CGAAAA,ATAACT,CRAGAG,CCTTTA,GTACGA,TGWCTG,AAGCAC,TGCGAG,GCCTAA,GTCTAG,GCAGTT,CGAGGC,GAAATG,GTCTCC,AAGAAT,TAGCGT,TACTCG,CGTGGG,AGCAGA,CAATCG,TACTTA,CGTGCC,CGTGTA,CTGGAA,TTTTTY,AAGACG,GTGCCG,GTGCTA,CGCATK,AGACTG,MTCTTA,AAGATA,CTCTTT,CTCAAW,TGGAAC,TGGATG,GCCTGC,GAGGCW,GAGGTC,TCAAGG,ATCGGA,TCGGGC,CTAATK,AGATAT,TGTTGS,TCTTAS,TCGGTA,CTTTGY,CTTTAG,TAGTGC,TGTCGA,GTCATK,TAATAY,TTGCCM,TGCCCG,AGAATT,GTCACA,TGACAH,ACTGTR,TATAMG,ACTGAT,ACTGCC,TTTAAC,AGGTCC,TATATY,TTAGKT,TATAGA,TTTAGT,TTTATG,ATAATC,AATCGG,AATCCA,ATAGAG,ATCGTG,TCTGAT,ATATGA,ATATTT,CTGTCC,TAGAAA,ATCTGY,TAGGTY,TCTGCA,TCTGTC,TAGACC,GTAGAM,GTAGGT",903.0,4480,,498365.0,0.3374795581551674,N/A,0
570,6,0,0,C_Carsonella_ruddii,199,172013,17.174736003187885,36.39210773567178,"GTAGNG,AGTGNG,CAGANC,TGAGNA,GGGDDA,GCGAVT,GTAMVC,ACGGHG,KAGCGC,MKGCGA,GTCGNG,CCGCWV,GCAANC,GCTGHA,GCGCBT,TGACHG,GGCGHK,CGAGNG,AGTADC,GAAGNC,CGGCNC,GCTCVG,GCGAHG,TGGGHG,GCCCNT,CCCTBC,MGCMTC,GCGYRA,CGCCBG,ATGCSC,MTGTMC,TSTSCT,TGCCVG,RTGAAC,ARATCC,GACANT,CCGGHC,ACGGBT,CAWGVG,YGGGKA,MGCKGT,ACTACA,GCCTSS,GAGCNT,GGTGVG,GGCTMC,CGAADG,CCCGVT,GTGGVG,AAGCNG,GCTTHG,AATGHA,CCAGHG,MGACYC,RTCSGC,CTGTNG,TTAWGG,CGGTDA,ACGART,RCGTWG,CCCCVA,ACTBYG,RGGWAG,WGCGAC,TTCCNG,CCTGVS,GGCTRG,CGTCVG,CTGCVC,CTAGVT,AGTGVA,ATGTYG,TGTAHG,GGTGDC,GCYAMG,CTCGRA,MGGGKG,GAGGHC,GACGBA,GCARYG,MTGGCC,TGGTVG,TCTCBG,GTAGDC,TGATVG,ACGKMA,CAGCSC,AAGTKS,CTACAT,RCCWGA,CCAGRT,GTGTBC,GGCYYA,AGTCBA,AGGAVC,TACGVG,TGTGSC,CCGCVT,TAGTSV,GGACVA,AGGTST,CCGTVC,AGAAKC,TGAAMA,YACATA,CGGTMT,AACGDC,TAAGKA,CTACCG,GGAARH,ASATGR,TYCTMG,TCCGBG,ATAACA,GACCHG,GTGGMT,ATCCMA,AATASG,GGGGVC,CCCAMG,GCTGSG,GAATVC,YGCAMG,YCCCGC,GACTSC,MAGCGA,TAACKG,AAGTMT,CATCDG,GGGTBC,GCTTMA,TGGGWC,CGTYYC,CTGGMG,CGGGRC,CCAMGT,ACACRG,GVACGC,TTARTG,YARGTG,GTCMWG,ACCCHC,AATTGT,CCAAYC,GACTKT,GAGTRG,CGGAMA,GGTARY,AGAGWC,GCGAYC,TCMTGC,TAARGT,GCGGKT,TGAGRC,CGATRG,TGCCBC,CTCTST,GGCAWA,GGTCMG,YGACGC,CRSGCT,YTTCTG,CAGHCG,SAGGTA,ACCGWG,RGCAGC,GATCYH,GCAHAT,CATGYC,AACAMT,GRAGCA,ATTBGG,CTGAMT,CCTCRA,MAGCCT,WTCTGC,TACATG,GTGAGN,ACAGRC,MTCCSG,GCTGKT,TAAAGC,CCAACG,CTCCSC,TCGAMA,AATCRG,AGAGST,GTATRA,GAASAT,GAGTSA,GACGRT,CGCAWA,ARAGCG,AAGATG,TCCTAA,YGCRAT,GACTCA,GCAAGA,TMGRGC,TGGTMA,AAAGGC,AAGCGT,ATCTAC,TCCTGG,AGTTGG,ASTGAT,TGGCSG,RCWCTC,YATCAC,GGGGWT,AGTTTC,GTGGRC,TGAGWG,AACAWG,GAGWAT,CTAGDC,WAGGCG,ACAGTA,GTCCRT,GGCCYG,CGTWGT,ATCTTG,ACGAYC,AGCGAG,GCCCKS,GGGGYG,CAACSA,GGCTST,CGGTKG,TCTTGA,AACGSA,GATCSG,AGCGCA,GTGGYA,ACCTSC,AGCAST,GGGAGC,GHAGTA,AAGTRA,AGMATG,TGTCGT,AATTTG,CTGGYT,CTCAKC,SCATCC,TCGAWG,ATTGGA,ACGMAA,ACATAA,SACCAC,GTGCWA,CCCASA,AGGGST,CMACGG,YCCCTG,TCTAKG,TAYTCG,GTATSC,CTCMAT,TCAACG,SACGGC,GMTAGT,ATTTGT,TGCTKA,CTAWGT,GGTCWC,GGTCSA,GAAAWG,CTTGAG,GTCKCC,TGTTSG,TAGCMA,TTGAAG,TCGGSA,TCCGRC,GCAYCA,CGACSG,CACBTC,CGAYCT,CCTARC,TTAGTC,GTCGAA,ATATGA,ACTTCT,CCWCSC,ATAGWG,AWCGGT,AGGCMC,AGTASA,GCCGMA,CTGCMA,ATACKG,TGTTGC,AAACYG,GTAAST,GTCWCG,CCGARG,CCTGST,CGTAAA,TCCAGA,CKAGCA,CGTAGG,WCCACG,TGTTCT,CAATMG,AACCGA,AATACC,AGCYGC,GCTGTC,MTCGTG,GTTGBC,TCCATC,CCACGA,AAATGT,TCGSCC,WATGAC,CTTCGT,AACTGG,TAGACC,MGCTTA,ARATTG,GGCGKA,AGAACT,GGTAKG,TGCGYG,ATSAGG,ATCASC,TAGTAC,AGGAAA,ACGGTC,YGATCC,CTAATG,AGGMCG,GCTAGA,TGAGGT,GCGCMC,TGKCCC,TGTTTA,ACGAKG,CAWTCA,GGATAT,CCCTST,GGGCTM,GTATAG,GATAGC,TACGMA,KGGCGT,TTGACC,CTTCCG,GTAGCT,AWCACA,ACAAAG,GATACG,GTTGST,TAGCTC,CGATGC,GAGRGG,AGTGSC,CACCAR,CTAGGG,ATGGKT,CTGKGC,CCAGAM,TAAYGA,AAGGAC,YTCCGA,GTAAYG,CCATAG,GGGTGT,TCATTC,GTTCSA,ARTCAC,AGCCTA,GATATT,ATACGC,ATATCG,TAACAC,TCYGYA,GAGGGA,GSTTAT,GTACGA,TYTGTG,GMATGG,TAATGC,ATAGGT,ATAGCC,CATCAA,GTTCAG,TGGAGS,TGCMCA,GGGACT,TGTAAT,GTACCG,GAAACM,TTGTGG,AGTSGT,ACTGKA,GACSCC,GRCCCT,MAGGCA,CATCCC,AGTCCG,GACAAA,GGAGCK,AGGCCA,CCTGYA,ATGCAA,TGAAWC,TTTGGC,TAKGGT,GGCCAC,CGAAAY,AATGCG,TGCAGT,GAAAAT,CGGCRT,CGMGTC,CCCTKA,TAGGGG,ACGCAC,ACGTSC,TCCSGT,AGCTCA,ACCCCG,CTGGGA,ACGCTG,GAGCAS,ATCACG,CGCTAT,GAGCCA,TAGGTC,TCTGAC,CGCTTC,GATGMA,GAATGT,CGAAGA,GCCTAA,ATSGTA,CTATTC,TGGACA,CCTTAT,TATGAA,AGGGAG,GAATCA,TCTGCG,AGGKGA,KCGCGG,GCCTCT,CCTCAG,GGTGYA,CCTCCT,CCCCCC,ATGAAG,CGCGWG,CTTACG,AATCGT,CTTATC,AATCCA,TACCGG,ATCCCT,GATGAT,AGGTAC,GGTGTT,GCGTGT,TCCCAC,AGGTTG,GTGTAA,ACAAGT,TGCGAA,GACACG,GCGAGA,TCCGCT,TGGTAC,GATGGG,GGCACC,ACAATA,TGAAGG,GGWTGA,GCACTG,ACACTT,GTGTGG,ATGACC,GCAGAC,GTTGGR,AGACGK,TTGTCT,GGCATT,CACTGT,TTGCGA,GCAGTT,CAGACT,GTCACT,GTGAAT,ACTGCC,CTGCGT,CGTCAT,ACTGTT,ATGGGG,TGTRGA,CAGTGR,TGTGAG,TKGGGT,CGTCCA,GTCCGA,CGGATG,GGATTG,GATTGA,GGGTCA,TCACGT,STGATC,CACGTA,CCCCTT,CCGAST,CAGTAC,TCAGGA,TCAGCC,CGAGAT,GAGATG,AGATGC,TTGCCC,CTGATA,TTGCTG,TTGGGA,TTGGCG,ATGCGT,CTGCCG,CGTTTG,CTCTAG,ATGCTG,CTCGGS,TGMCCT,CCGACC,CGGCAA,GATGCC,CGGCGG,TGACAC,TGATGT,GTGCAT,GTGCCC,CGCCGM,GCCGCK,TGCGCC,TCGGCT,TGTACC,GTTCGT,GGCGGS,GCCAGY,TCGGTG,CGCCCT,CCCGMA,CCGGKT,GGTTCG,CCCGGC,CCCGCG,GCGGAA,GCGGCC,CTGTAW,CCGGGR,CGGGTT,CGGTTC,CTCTCC,CGTGCY,TCTCGA,TCTCTC,CGTGAG,TCGTGA,TTCGTY,TTCGCG,TCGTCG,TCGTTC",1120.0,199,,12741.0,0.21397849462365592,N/A,0
394,6,0,0,A_gilovannonii,7619,8848612,70.95280360771827,62.43334949103247,"GATANT,GTAAWH,AAAANT,GMAABA,AATGNG,AWATHG,WATARA,AATGVC,TTCMCT,WWAWTC,ATAGYV,ATGTDV,GGGWAA,GTAGDG,GCTVAA,KCAGAA,TAGTRN,GGACRT,TTAAHT,KAATDG,ATRAHA,ATTGDT,GCCRTA,CAASRG,TTADWG,CTGMWA,SAGTRG,WWTWGT,WTCKTG,AAATVA,YGTADT,RCTGTA,ACGTNA,TAATNT,GTATHG,AAGTHG,MGTTGT,TAAADT,TAACDA,MTAAWT,GACCTA,AACTNT,TCTTHT,CCGWAA,AAACDT,GTTADT,TAGADT,WTGGTA,GAGHAA,GATGHA,AATTBG,AATTGC,AAGYST,ATACDG,CTTCTT,TCKTRA,TCGGTA,TTTKYT,TCATMM,ACAGVT,TAATVA,AGAAVT,DCTCAT,ACATHT,CATANM,TTCATA,GGTADA,ATGCTT,AAAGMG,AACCAT,CSCAWA,YAKGTA,CCAAGA,MACGTA,AGTAVG,GGACGA,CTTGAT,AGAGMT,TGGGTC,GAAAHT,AGTRGH,GTAABG,AGTCWC,TWGCTG,TATTDG,GTAGRT,CAATGN,GATCKT,AGTGTA,ACAGMG,WCACAC,YGCTCA,GAACWA,GGTGWA,CATTTG,TTSGAT,ATAGRT,AGAGYA,AAASWC,AGABAC,CCAATG,CCGCGT,YAAAAA,AAMTMC,AGCARC,RGYAAT,TGATVT,ACCATT,TCATRT,GCGYAA,CACMCA,TTCTDT,AGTCYA,GTGTAG,ATAAWG,TTGTMT,ACCTAA,AATTCT,ATTAWA,KAAGYG,ATTGMA,TAGABA,GGCGTA,MACATA,AGAAKG,TGAAMA,CTAGDT,CAAGGT,GTGTCA,GTGAMG,TATTSA,TAGGBT,AGWCAT,WATCAC,TATWYT,TTTAAC,DCAATG,GATCTG,CGTCCG,CCHTAT,TGTGRA,TGTTKG,GACGGA,CTCADA,TCCMTA,GDAGAA,GTCCRT,YGAAAC,GGAGTG,KTACTT,GGCCCA,GACGTG,TRGAWC,TGTGSG,AATGDA,GTGGWT,ACGGWG,GTTTST,TGACAT,GSAAAG,CGGAAA,TCCGTG,ATTGKG,TCGAWA,WGAATC,ACTAWG,AGCAAG,CAATAG,TATCAA,TTTACT,ATCCWT,GTACKC,AGCACA,TGATWG,CCTTTA,CCCTAG,GACTRG,CATAWT,ACRAGA,AWGAAY,TAAAMC,RTGGAA,AAGAYG,TGAAGT,AAGDTA,TAAAYG,AWTCGT,GACTCA,AASGTC,CTTAWT,AGCGAA,GATTAG,TGTGGT,CGAGWA,ATTWGS,TGAGGC,CATCTR,GTCRCA,CTATGA,AATAMT,AGGTMW,AAAAYG,TWAATA,ACTCMA,TTACTG,GCGACA,TTAAAC,ACGAGT,SAGAAK,TATGAC,GAGGCA,AGGTWG,TCAAMT,TGSATA,CATCGC,CATCCT,GAKATA,TGYTAA,AGGCAA,GGCAAA,CKTTCT,GACAKA,GTTGWC,ATCDTA,ATATAA,GTAKTA,GTTAKA,GTTGTA,GTRCGA,GWCACT,TCGYAT,GTGART,TTAAGG,TYAGTA,ATATTT,TCGCAA,CAACTC,TTGCTT,TTCGTT,CGCATG,GCATAS,GACATG,CGTAWA,AAACRA,CGTAAS,ACACAA,GCACAA,GCTCAC,ACAGYA,TAAGYA,GGAAAT,TSGATG,TTAGYT,CCATAR,GGAATG,TATCGT,CSATGT,AAGCTC,CAGTAC,GTGAAC,TCGTGT,GAGAGC,ATGGCC,CGTGAT,GTGCAT,AGCGCC,GTATAT,MATGTT,CGAAAW,TACCCT,CAGTTA,ATARGC,GAAAMG,CTAGWA,GGATAC,CATGAG,GGATGT,CAAAKC,TACTKC,ACATAV,AACAMG,CARAGA,GTAGTC,AGATRA,TCTGSA,GAAATC,ATAAGT,TYTGTG,TGCAAC,AGTTYG,CGTTAA,TGCATT,CATASG,TTTGTC,TAAKGC,AGATAT,GTCCTA,TTGTKG,AGATTG,AAATCT,TGGTAM,AWCAAC,TAGTYT,CAGACA,AACAGA,CTTATA,CCTAAC,TCCTAT,CTARTG,GATACA,AAACGG,TTATAC,GATTGT,CCTAGT,ATTGTC,TATAGG,TATACA,TAGKTG,TWGTCA,AATCAG,CAAAGT,AAWGAT,GGTAAC,AAAGTA,ATGATT,GAATGW,AGTTAT,TCTTAG,ACTGYT,TTGTCC,GTAAGT,TGKTCT,GTTCTG,TAAGTT,AAGTCA,TTAGGC,TTAGCG,ATAGAG,AATCTT,GGTCKA,ATACAC,TCGATT,GTAACA,GTCGAT,YTTTAG,CTCCAA,TTCTYA,ATACTT,ACGTAS,TGTCAG,ATCAGT,GAATAC,TCAGAT,GATGTS,ATGTAT,TCCATG,TGAATG,ACTGTG,ATCACA,ATCATC,CTKTTT,GTCTMG,ACAAAG,CAAACG,CTCCTT,CTGTTC,CTGGAG,CTGGTA,TCTTTA,GTACAG,CTCTCT,TCWCTC,CTCTTA,TCACTT,GTCTAC,CACTGT,TKTCTT,TACAAT,ACAACA,TACAGA,TCTAAA,GTCTGT,TCTAGT,WNAGTA,TTTCTR,TTCTGG,TCTGCT,AATAGS,TGTCCA,TGTACK,TGTAGA,TTGATS,TTGAAT,TTGAGA",793.0,7619,,584461.0,0.29514605603302546,N/A,0
386,6,0,0,B_thuringiensis,6209,4991926,35.616564039668475,53.60504432057023,"GACANA,CATADW,RYATAA,AAAANC,WGTART,RAATMC,ATATDG,TGTGDG,ATTGYC,WGAHAT,GAAAHT,WCGGCA,AGTGNA,WKTATA,RKAAAA,GCAMWG,GAGRAA,GAGAST,CTRCTA,GACGMA,AATTNT,GCGANA,AGAGMC,RTTATT,TGGAWM,TAATVT,TTTGDT,CGGACT,GAAABA,CCAAGG,MAAATA,ADAGCG,RGACRC,TWCTKT,CCGATT,TAGCRT,ATGGVG,RTAAYA,CGTARA,GTGGVA,GTAADT,TATCDT,AATADA,WGCAAA,RTCACG,GAAGGT,TCAACA,RCGYAA,CGTMKC,GAAGCG,AYAAAT,YTTAGT,GRCCAT,GCTTTG,YGAAAA,CAGAYA,TTATYG,GAATDG,CAAGHA,CCCGYT,TAAADT,CTYGTC,AGCTGC,TTCKAG,CGCGVA,ACGTYK,TGCAWT,ATTCWT,TTCDTA,TCTGGC,KTWGTG,TTGTBG,GCGGTT,TACGWT,CGBGAG,TCTRTA,KTGATG,CGGGGC,AAATVA,TCGARA,TGGVGT,CGCTGK,CATGWG,CCGYAA,GGCGTC,CGGCMC,AYAATG,GGTTCC,CAGYAT,AGCAKY,TTACAT,CTGRAA,GTGGWT,AAKGTA,GTAWYG,GGTTTA,ATAGRT,AAGCAG,GCCGGG,TGATYG,TMGAGC,CGTTKK,ARAACT,GAGTRA,GATGMA,ATAAWC,CAACAC,GCAKCA,GGGAKG,AAGTRG,CARCGA,AGGAMG,GCAKTG,TAGTYT,CGAAWC,GGAAAG,GACGGC,AMATTG,TAACRT,GCTGHA,WATTGC,AGTAMG,GGCTAA,TTCGTT,GACCCA,TTCCCA,GAGGYC,TMGWCG,WAGTAA,GSCATA,AGACRA,GGACCA,CCACTC,TGTGMW,AGCGWA,GACACC,CATYTA,AGTGRT,TAAVTA,AGCRTG,GMCATT,GTGMGA,TTAATY,TCCCAT,AGGTAT,AACGGC,ACGCWG,GGACTG,AACAWG,CGSTCA,ACGAWC,GGGATA,GCGCBG,ACCCGG,TAWTAA,GSGCAC,GTGRGG,CGARAT,CATKCC,TCACAC,TCTTAG,TGGGGA,GCTCAT,ATTKTT,ACAAKA,ATGTRC,ATCGSG,GGTMAA,TCCTTG,CAMGTT,AAAGAT,AAAGTG,BGTCGT,TYGGTC,TAATCA,TTAAAG,CATGGT,CCGGCC,TACTAC,TWCTCG,KAAAAC,GGTMCG,GAAAWG,GGTAGT,STGTAA,TTGAMA,TGCKAG,GAGATC,CCTAGA,CTTGCT,TGTAYG,AACAYA,CAATCT,GATAWT,TGGTCT,AGTTKA,AYTGTG,GTGAAC,GSGCCA,AACGCG,GAGCRT,CTCAGA,GCGTMG,GCGAAG,CATCCG,TGAGGY,GYACGA,GTTTCT,ACAMAG,CWCATT,CWGTGG,CACRGA,GGTCAG,AYGTGA,ATAKAC,GAKCGC,AGCGTC,GAGGGT,ATAGAG,GGGGCC,TCTCGG,TGYCCG,GATTSA,AGTARC,AGTGGC,AGGCYG,CGAGAC,AAATAG,GGATTR,AATAMG,GGATAT,AAATGC,GCTRGT,ATRACT,CAGATC,ATCGTC,CGGTCG,ACGGTC,CCGCAT,AKATGA,GCTAGG,CGAACG,TATGRT,ATGATC,AKATTT,GATATA,CTTTWT,AYGCGC,AACWTT,ATGTYG,AAGARC,GATTGT,CTAGWC,TYTTTT,AWACAA,GATCAG,TCATAG,CTTTTG,TGTCGA,GACTGG,ATTTAA,ATTTGG,CTAGKA,TATGYG,TACRTC,CGCAAN,GTGAGT,AKGCCA,CCCCCC,ATGGTA,TGATCT,AAGATG,ACACGT,TTGTGT,TACATA,GAGTAG,ATGCAA,CACGGC,GACTCA,TTTCAT,CTAGGT,TGCGTA,AGWTCG,AAACTT,TGATTC,GCAARW,ACTGGC,CCATKT,CTGGCC,GCGTCA,TGCTGT,GCTGTC,ACGAAA,CAWAAC,TCAGWA,TAGGGC,CTAAAA,GTCCRG,TCCAGT,CAGTAC,GCCCRT,TTGCCC,GGCAAA,GTCGYA,TCGCAA,AAAACA,GAACAT,GTCCCC,GGCACT,TTAGAC,CCAGTA,GCAAAC,CAGTGA,TCCGAG,AATCMC,TCAGCG,AGGGCY,CAGCAG,ATCATG,TGAGCA,TAGRCT,CGTCGG,GCCYGC,CTGTAT,TGAGTG,AGACTG,AATCTR,TCGTAK,CGCGTG,ATCTAG,GTCGTY,TCGTGA,ATCTGC,TCTAAA,ACGAGT,ACGATG,GTTGRT,CGATGC,TAGGTG,GATGCC,TTAGGG,TTAGTT,GSCCTG,TTGCTG,GGCCAC,TAGTAC,ACATAY,AAGTAT,GGCCCA,CCCATR,CCATAG,CATACT,GGCCTT,GCCTGA,AGTAGA,AAGTTC,TGTTGS,TGTTCA,GTTGAC,GTTGGG,TATAMG,TATAAC,ATACGT,CGTGCC,ATACTA,GTACST,CGTGTA,GTGTGC,TACGCG,ACGCGA,CGTAAK,TAGACC,TAGATA,GTACCC,TGTAGA,TTGAAK,GTAAGM,TAAGAG,TGAACG,TGAATA,TGTACT,TGTATC,TTTTTM,TTTGGC,TTTTGT,TTGGCC",679.0,6209,,1.026191e6,0.31171148260044873,N/A,0
473,6,0,0,C_jejuni_ssp_jejuni,1616,1559047,30.842355749832745,51.06749767935287,"GTAGVC,TKGTCT,CAATRC,GGCTDG,YTTSTC,ATRGYA,CGGTVG,CGTANA,TCGTVA,WAACAY,SCGMAT,MGAAAT,CGCAHG,TSGGTS,CGCGMT,GAAGBA,ATAAYR,GTCGHA,RAAAYA,AAAYYG,WTTTKT,GAGGRG,CAAAGG,GAMART,GCGCBG,WAGTBG,WTGAYC,CGGGKG,AGGCHA,GGGGVC,CAAYGT,ATAAKT,AATAHC,AATCRT,CATGDG,CCGKAA,CGCAWC,KCAGTA,GTCCDG,GGGTCG,TGTAMT,RTYCGT,TMCMTG,TAATHG,GCCGYA,TGAAHA,CGCGWG,CAAACA,TAGGBG,TKCVTA,GTAAHA,GTAGDT,TGAADC,GYGKAA,CCCCSC,CATAMT,CCCTGT,ACTTKG,GTCTDA,GTGCMT,ATAVAC,AACAHA,CCTAGT,YGTCCG,KATAGC,GATGRT,GAGCST,GCCAMG,SGTTGA,WGGAAC,GGGGMA,GTTTCT,AGGASA,CGAADC,GGGCRC,AATGSA,ACAGRC,GTACSA,GCCTSG,AGAGRT,MGAGTC,CTGTDC,GCAAMC,CTGWMA,TAAWWT,GRAGCC,CGGAAT,TATCBG,TCATWC,CGGAGG,GAGGYT,ARGACG,GACGMT,CTAGRA,TCAAGT,YGACTC,GAGTAG,CACTGA,GCRYGA,GGCCHG,AGTGMC,AGGAGC,ACATMA,GTGARG,GATGCC,CATCAT,GGCTST,GGCHAA,GCTCAG,GTAGMG,TGTARA,CTTCHG,AATAKG,CATCTA,CGTCKG,GAGTGT,TYAATA,SGTATG,GGACRA,GGKCCG,AACGVA,TTTGRC,AAAGWC,MTGAGT,CWGCAA,CTAGKC,GGAAST,TGCAWC,TCTGYG,AGAMGC,ATGCYG,TTCGCC,ACGTMA,AATCSC,CSAATA,GCAAKT,ACGGGT,WTGTAC,TCCTCA,GTCCRA,GTCGMG,CTAAGG,TGTTMG,AGCAWT,GACTCM,ACGGTC,ACTAYG,CCATWT,ACAGKT,KGGGAT,TGAGMA,GAGTCC,GTTTTG,CCAKAG,AGAAST,ATCGRC,GCGASK,TAGGYT,CTAWCT,GCTGTY,ACGTRC,CCTCGG,KAAGWG,CATTYC,GTTAMA,AAARCG,CGSTGT,TGTAYC,GTATSG,AGCGWA,GTAYCC,CGCTGG,TCGCCA,AAGTKA,GCGGYC,AATTSG,YACAGG,GAACAT,KCATTT,CGSTTC,GGTCKC,TAAGGA,CCCGMA,WTGTGG,GAACGG,TMGAYA,SAAATT,CTASGT,TGCAAT,GSTTCC,TAGAGC,AAWTGT,GAAGST,GGGAAG,GGKAGC,CCCASA,AACGWC,CGGTCT,GRGATA,AGGTYA,CAGRTG,TYCGTG,TTTMTG,CATTTK,TGCACG,AAGGTG,TGTKCC,CATTGA,TGTTGA,AGTTRT,CAAKAA,ARTTCA,CAGTAB,CTACTA,AGATAT,GCTRGG,TGHCAC,AGCVGC,TTTCTA,GTTAST,AGTTCG,GTTAGG,CGCSAA,CTCTST,AACASG,TAGGTC,TTGGGC,TWCTAC,YCCAAT,AGATTG,GACAAC,GCTAGT,TCTCKC,CGTRAK,TGAYCG,ACTATT,GRCATG,CGATAW,TWCTGT,GBCACC,ACTGMA,ATTGWG,CGGCWA,GACACT,TACGTT,CATASA,CACAWA,GGTAGA,GTTGAH,ACMTGG,WCTCCG,CCRCGT,AGTAGG,GTGAAY,GCAACG,CTGCGG,TAAARC,TGAAGG,ACAWAC,AAGAAS,GTGAGA,ATTCTG,CCTTGA,CAWGTT,TTATGG,CCGCAC,ACCTGA,CCTTCT,CARCGA,ATCAKA,ACAAGC,CCTGAT,ATCTWT,ACGAWA,TCTTAA,GGATTR,ACAATA,TWAACG,ACGATC,GTKCCG,GCAGCC,ACTCCA,GTTGGG,CCTGGC,CGGCGG,TGACCA,CCAATG,GCCACA,GACYGG,CGGCTC,CTCCAA,CCACAG,CAAGCG,GATCTY,GAGACG,AGTSGA,ASACGG,GGATCT,AGTGGG,AAACAA,AAAGTT,CAACAC,GATCGG,GACCAT,GCACAA,ATCTAG,TTMTCT,AGAGCR,TGCGMG,GCTGGA,TGCCGK,AGACCT,CAATAG,AAACCC,TSGGCT,ATACAG,TGCCCA,AAGYAT,CTTTGG,CTTTTT,GTGTKC,ATTTAT,GATATR,TACCCG,AAGTAC,TAGCKC,TTCTGG,CAKAGG,CTATGC,TCTGTT,AGTACC,CGGGGA,CTGGKG,AAGCSG,CTGGAA,AAGCTC,TCATAA,GATAGT,ATAGCT,ACCGAT,GCGAGC,ATKGAC,GGCAAT,AATAAW,TCGTMG,GGCGGG,GAATCW,TAACKG,AKGGAA,ATACCA,AGCGGT,TMACGT,AACACY,CGATCC,CMGAGC,GAATGC,AACGCG,GAGCAG,AGCACA,GGAAAR,CGTGCC,GAAAAC,TTCATT,GTGSGA,CGTGTA,ATCGGG,GGWCGT,AAAAGA,AATCAG,GGACGC,TCTAAA,AGCGTG,TCAGAT,GTTCAT,GCGTCG,TCRGCA,TGGAMA,GGACTG,GCATAT,GTCWCG,GTTCCC,TCTAGG,TGTGAA,GGTCTA,ACACRT,CTCGRT,CTCGTC,TCAGGC,ACGTYT,GCCCGB,ATCATK,GTCTCC,CGAGAG,ATCGTA,GTAAYC,AGGTGG,CGTAAC,GTMATT,TAATAA,GACTGT,AATGTS,CGAGCC,AGGTTT,CCCGGC,CCCGCT,CAGGCA,CCGTGG,TCACAG,CCGGGT,AGGGGC,TGTGTG,TTGTCR,AGGGCT,TCGTAT,TATGST,ATGAAT,CACGTW,TGTCGT,TCATGT,CCGKCC,GTCGGC,TATGKA,ATGTAA,GACGYG,TGGGGM,TGGGCG,GACGCC,GACGTA,TCGAAG,CATGAM,TCGATT,ACGCAC,ACGCGA,CGCACT,GAGGGC,ATKATA,GGGGGT,GTGGGG,GTGGCC,TGGCAT,CGTCAA,CGTCCC,TAGTGA,ACAGCA,CCGAGA,TTAGTB,GATTGM,TAGTCC,AGTCAC,CACAGY,ACAGTG,ATGAGG,CCGATG,ATATGW,TATGCG,TCCGGK,TCCGAC,TTGAAW,TTGATG,GGGGCG,GATTAK,ATTAAG,GAGGTA,TGAGGY,ATATCC,ATATTG,CGCCGR,CGCCTC,TTTTAG,TTTTTA,GGGCTR,GCCGAG,GCCGTC",831.0,1616,,295532.0,0.3695302031590487,N/A,0
426,6,0,0,D_radiodurans,3082,2871475,67.51253252398747,56.294337675738426,"AATTNG,TAATVW,ATACNG,GGATVT,AATAVT,AGTAVG,MATAKA,CGACGG,CWATRA,TGTANT,TGTTNA,ATGTNG,TAGTNG,GCAADT,ATGAHG,CGGTRA,ATAAKH,TGARDA,STAAWA,GGATDA,YTAGTW,GCASWA,AAATHG,RAAAWT,TAGGBG,ATSABA,ATGGDT,AGTTBT,RCGAAA,TCDCAA,AAATDC,GAAAVA,AATGWN,GCTARA,ATAGWC,ACCATC,WCTGTR,AGCANT,TAGDMT,TCGAKC,ATTTVT,GGTKAA,CATANT,GWRTAA,TAAAVT,AGGMTA,TGTADA,TATAVC,AAAGHA,ATCGYA,TATTRA,TTGTVT,TGAGAG,AGTGDA,GATADT,CNATGT,CAAAWC,TGATVT,TTGGHC,ACGAAG,AAGTDG,GCCCDC,TTCCRT,WAAAKA,TTGWYG,TTTCTA,KWGATA,GGTGTC,ATTCTT,TGAADT,AATCWC,TTCCTG,CTCCAA,CCCATA,AKAAYG,ATGTHC,AAAGMC,TCAGDA,GGCAWA,TTTTKT,CCTTTT,TGCGTA,CGAGCA,GCARYG,GCATKA,AATAMG,TAAGWT,TGTAWC,CTCCTC,GAGAGT,TGYCTG,GGBAGC,GCGCRA,TACTBG,AAATSA,GTAGMC,RCTTTG,MARATG,WCTTAG,GTTCWA,TCCGTG,GTAAWT,ATATWS,ACTTGT,TATARA,GAAWWG,YCTGGA,CAGAAT,GSGGGG,CTWTTG,ATGTRT,TAAGYG,WAGCAG,TGTGKG,AATCST,TGCTAG,GGGGAA,GCAARA,ATATYT,CYGKAA,MCACGT,WCGCTG,TGTGGT,TCMAAW,GATSYC,GATTRG,RCATAY,TGATWG,TRATAC,ATCCTC,ATAGKG,CASTAG,CTTTWT,TTCGWT,MAGCWA,GKAACA,GAGCHT,ARACAT,ATTGWT,GATVTA,TCCTRT,TTTGWY,AATCAA,AGCTTA,AGYCCT,TTCGTA,WAGTAC,AAAACR,ACCGTA,MTCAAS,AGAAWA,ATATAA,ASAGCT,ATACKC,AGAAKT,GMGYAG,AAAAGC,TATAAG,ACAAWG,TTAAYT,WTCTMG,GATCTT,AAAGRT,CATGMG,ATGGMG,CGTADA,GTGCYT,TCGTMT,AGTCAC,GGCACT,AMTGGC,AWACTT,ATTKAA,CAAGMT,CGCGYA,GYAGTT,TAGVGC,GGAGGA,CCAMGA,GGAAWG,TGCTCA,GCTYAA,CCAAAG,TSCCTA,TAACST,ACCTAA,ATTDGG,ARACGG,TTTKTA,GTTART,GTCTSC,AACGKC,ATGGYA,GTTGKA,CGTGRT,TATTKG,AAACAA,GAAGYA,CYTATG,TTTWTG,TYATGG,TATGWC,TCCCCC,ATGAWT,CCCGTT,AACADG,MAGTGT,TTGGGT,TTCAMA,TCACAG,TTKACT,CACGTT,CGCAAT,CCTAGT,ATAAAA,TTAGKC,CGGRTC,TATCGA,AGATRA,CTAGGC,GACART,AGTART,GTAGRG,AGTASC,AAGCMT,AKAGCA,TGTGCA,GTGMAA,AGCGMG,TGGGTG,AGCAGC,AGTAKA,TYAATC,TCCTCG,GTAGTA,TGTTWG,TRTTGC,CCTCAT,GAWGTG,KAGGTA,ACGTWG,AAGYGC,CATSGC,AATASC,TCKGGC,CAAWGG,TGTCGW,GAAGGT,TWATTT,AGCGCA,AGCCGT,GTTTGW,ATCGKG,ATCGAC,AAGGTC,ATGTWA,AATKGT,AAGACK,TATKGT,TCMATG,CAAAGA,TCCATT,CCCCCA,CTCAKA,GCCTGA,GAAGCC,CTWAAT,TGTMCG,AATTTA,TCGWAR,TGACRT,AGACAC,CATGTA,TAAWTG,GGGTCC,GTACGC,CTTACA,CGTAAC,CGAAAT,ATTGCC,GGKCCA,GCTCAG,TTARAG,CGAATA,TACGCT,GTATTG,GGGAYG,SGTCTC,CGTCGA,AGGAAA,GTCGYA,GTCTCT,ATAGAT,GCCGYG,GKGAAT,AAAGAG,GACGGT,GAATGW,GAATAC,CCACAA,TCGCAT,ACGCTA,GATAAS,TATGAA,CKCTGT,GGAMAA,AAATGT,GGGCTM,GAAAGC,AATAAA,CGGGCT,CGCTAA,AGTGKT,CGATGC,GGGCGT,GCRCAC,GATGAT,AGTTKG,GTTGAC,ACGGAC,CTCKTG,ACGGCA,CGCACA,CGATTG,ATAACT,AATGCA,TWGTTC,GCACTG,CACTCA,TTGYCA,AASATA,GGCCAT,GCCACG,TAGAGG,TAGTTT,CCATYT,CCATAC,AGTTCA,GGCCGA,GAGGAC,TAATAG,ATGCAA,TTGCCG,CGGAAA,CGGAGC,TCTGCT,CATTAA,TTGTAC,TGACCA,TCAAGT,TATCTG,ATCTTC,TTATGC,ATTAGT,GACCAC,ATTATA,GGCTAR,GTTCAK,TTCATG,ACAGGK,GCCGAA,GTGGCA,GCCGTC,CCGTGA,AGGTAT,TAAGAC,ACTCWA,CGTGAG,ACTCGT,AGAGGC,TTACTK,AGAGTA,GAGTGA,ACAAKC,GCTGCA,TAASTA,TGTTCT,GCTGTT,TCTAAA,TTCTAT,CTGCAC,ATGCGG,ATACCA,ATGCCT,TTCTTA,GTTAAA,TGGATY,TAACTC,CAAGTG,AGATAS,GTTAGG,GTAAGA,TRCATA,GTAACC,CTGGYG,GGACGC,AACTAT,TACAAT,TGGCGT,CTGGAT,TGGACA,TGGTTA,GGATTG,GTGTAT,GGCGCG,GGCGTT,CTCTCT,TCTCTA,CTCTTC,AGTGAC,AGTGTG,CACARG,TCTTGT,CTTGCT,CACAWA,CAACAS,AACACC,ACAACA,CACAAT,ACATAA,TACTGT,TCATAY,TCATCA,CATACV,TGCAAS,TGCAGT",804.0,3082,,380343.0,0.37591537590591073,N/A,0
419,6,0,0,K_rubrisoli,9603,9192066,53.15518821285562,57.835427256161886,"CGHTAA,AATAVS,TGAAHA,KAATVA,AGAAWB,MATMWA,TAAHDT,NAAGWA,RGRAGC,SKWAAT,TGAKRA,ATARNA,GTAANA,SCRWAA,GTTGDA,GGVATA,AAATVV,TAGTDK,CWAABA,AAAAHG,AAGWRG,TAAADA,AATGHC,GAGTRA,TATAVG,GTAGHC,AATGDA,CWAGKT,ATAANK,AAAABA,ATCRBA,TVATWG,AGTGHA,TAGAVT,GTGBAT,YCTAAA,TTATAC,TCAAMA,AAAAMT,CAAAWT,ATGTHG,TGTAHT,AGATVG,AATGBT,CACCAT,GTAGMA,GTTARA,TTGCTT,TCADAT,AGCAYG,AACAHG,GAAAYW,CATAHT,TCTCAT,RAAAWC,ACAGYA,ACTAWA,GATRWA,ACAWWG,RAACAM,ATATHC,TTATCT,ATGAHA,AAGTDC,AGACKT,TCTTGT,TATGRC,CGCCAA,MCCAGA,AGTTSA,ATTGKK,ATAGMT,AATCVT,CGTAVA,GTCYRA,GWGTAG,TAATDC,GCCGCG,CAACAA,GTTAGT,ATGTMT,TTAGWG,ACCATC,ATACGC,AGTTGT,AACCGT,AGATYA,TGTCMG,SCCAAG,TTHGTA,TGTADG,ATGTKC,AGGTMA,TTTCYG,SAGAAT,CMAAGC,TTTMCT,CWCAWA,TAGADC,ACGCRA,KAGCAT,GTAAYG,ATACTG,CCCACT,CGCAMA,CCCATA,TGGGGA,CATTMA,AGGGYA,GGAGYA,AATTSR,GACTRA,YTGGTC,TGTTST,CGTTGG,CAACGG,GCGTMG,AACTCA,GCCACC,TAAAWC,AGYAKA,ACATRA,CCTART,ATGTAA,CTAGDG,TTSGAT,ATTCRT,GTTYAA,TAAGRC,AKGAAG,GAGGYC,GGCWAA,AACGRT,RTAATC,CATADC,CCGCAT,ACAGKT,TACTCG,TGTTTA,TATHGC,GCACAC,MGTCCA,ATGCST,CCTGAT,RCTCAA,GTACRC,AAAGAY,AGAGMA,WGACAA,AAAGTG,TCAARG,TCTAKT,ATATMG,CACTGT,CGACTA,CTGGAA,CAGGTA,CGGCCM,TCGATC,AAGGWC,TTCAWA,GCTCAG,TCGGGC,CAATSG,CTAABG,AATTKT,GCACGA,TGGAYA,ARCGCG,CTGHAT,TAAGSA,TGAART,ATCGAC,WAACGM,AMCGGA,GCATMT,CATCWT,ACSGAG,TCGGTA,GHCTAG,ACTTYT,GTAGRG,SCGGCC,ATCGCT,CAAATS,MTATAA,GGAKTG,AGAGTT,CAAGAG,CRAAAA,ATCGTG,GSCCTA,STAATT,MCCTAA,AGCGWA,ACTTAG,AAGHAT,ATATKT,CTTACT,GAGGAA,TGCAWT,CTTTGC,ATCAMG,GGCAAT,ATCMAT,GAAATG,RAGAAA,ACKGCA,ATGAWC,CTAGAT,GGTCYG,GCRART,AATGRG,TATTCG,RACAWA,TTMCGT,TGGMGT,AGGTYT,GAGTGT,GCTGCA,GGGCAC,CGGCGG,TAGAAA,AAGGGT,TTACTG,CGGACG,ACGTAC,GTGCGT,ATCAWC,TGTAKA,ATTCCA,ATTTGK,CAAGCA,AAGAAC,GGCCTG,GCTGTC,CCTAAC,AGACAC,GTAAGC,GGKTTT,YAGTAC,TTTGAT,GACWAT,KGCGGC,AGGGGC,GATGCC,AGTART,CGGATT,CAGTAG,TACMTA,TTCTRG,CGCAWG,ACAWAC,AMTAAT,TTCTGT,ASAATA,TAAGAT,AAATST,CATAAG,AAATTG,AGTASC,GGGGCA,AGTGAT,TCATAA,AMTATC,GGACAT,AAGCGR,CMTAGA,GTATSA,AATCAG,TCTGYA,TGKATC,CGGGCC,AGGCTG,TAGAGG,GWAGGT,GTGAWA,TATGCA,GGACGG,TCWGAG,AAGGTG,GGACCC,TTGAMT,TAGGYG,TAAAYG,CTAGTA,TCGTRT,CTAAAC,CTAACT,GAATWG,TAAYGG,ATTGGC,AAACAT,GAAGCG,ACTGAC,AATAGT,ACTGTT,CACGMA,GGGCGT,CACAGA,TGAAWC,TAGGKT,CTGATA,ATGGAC,GAAGTC,TATCTG,ATCTGC,AATTGC,ACGAGW,TAGKGA,TTGAYA,AGGGTT,CTGCAA,CTGCGG,GGGTTC,AAGTAA,TGCGTT,AACACC,GGATAA,CACACT,GGATGT,GCCTAA,AGTAGG,TAAGTG,ATGSCG,GAATCC,CACRTC,TAACAA,GTCCGK,TAGCCW,TMCGAG,TSCAAG,GCGCRA,TTGAGG,GTCCAC,AGAACG,CGAGAH,GTTGTK,CGTCAC,CGTCGT,CGCGAG,ATGGTA,TGACTR,GTTGAC,ATAGSC,CGGTAR,GCGAGG,TRGTCT,GAGAAG,CCAATR,CMATAT,TGGTTA,TAGGTC,GAGATC,TACGCG,CATGAW,GCAGAA,TACATG,ATGCAA,AGGTCC,GGTAYA,GTCAGA,TACGTC,TTAAWT,TTAAGG,GATAAT,ATGCCC,AGCAAT,GGTAGT,GGTATG,GTATAG,GTCACG,TTAATA,ACGCAG,TATARA,TATAAT,ATAAAC,ACGCGC,TAAACT,CAGATG,TGATAT,TAGCAG,AGCATC,GATAGC,GCGCTG,TAGTCC,TCCRTA,GCAATG,GCATGG,ATAGYG,CAATAA,TTTTTY,GCATCA,CATCCG,CCAAGT,ATCCGG,CGCAGC,ATCCTC,TCCAAT,TCCGGG,CCGGGT,TTTTAG,CAATGC,TCACAW,CGCGGT,TCACGC,CGCGCA,TGTGAG,TTGTAY,TTGTGG,TGAGGC,TGTGGT,GTCGTW,TCGTGA,CGTGAG,GTGAGG,GTGATT,GTACAK,GTACCA",801.0,9603,,1.745473e6,0.3291693249315285,N/A,0
440,6,0,0,L_delbrueckii_ssp_delbrueckii,1716,1631905,51.87539788326105,53.56303167614244,"TTTDKT,AATAVK,RGAMGT,ATATNG,TAGGNT,CTACTA,AAGTNT,CATANT,TAATMD,GAARBA,RATCSC,GTATNG,TCCYTG,ACGRWG,GAAAHT,TCCCAT,GTAAHA,TTGTDT,GAATMC,MATASA,GGCTWA,AAGYYG,TATADG,CGCCTA,AGGTDG,SAATAG,AATADC,ATAAHA,GGCCRG,CCCCCC,TGTADA,CSCAAG,GTTYRA,GATGRG,GTCCAG,GTAABT,WTGKCG,ACTTTT,TCGTRT,AWTTGY,GGGSWA,AAAATN,GATTKA,ASTGTW,AGCAVT,GGATRA,VAAGAG,AAAGWW,WAACRT,TGTTDG,WGSAAC,RGGSGT,MAAAGA,GCAAYV,AYGMTA,WTAGYG,TAGAHT,TGARAA,TGCGTA,GVCGTA,GATRAT,YGGGGA,TGTTSA,GACGMA,TAAGYR,GTCTMG,MSCATA,AACAHG,GGGGYG,TGTMRT,CTGCAA,TCGWAA,CCCGMT,GGGBAC,MTTTWT,GCAGMA,GARGYC,RATGWA,TGACYG,TCCWGG,GCATMG,TTTRTR,CCCGWG,CAGAVG,TGATRC,CCACCC,GCGGCC,CGAGBA,ATAGRW,GATYGT,TAAGWT,KTGKTG,RTRTAA,CGAADC,AGTTVA,GCAGSG,AGACSC,TAGABA,DACATA,AGTYGG,SAGTGG,CACCTC,CACAHT,CGTAVA,GCGTRR,GAACAC,TRACAM,TCCAGA,TATTST,GGTCKC,GTAGDG,TCGTSG,DGATAT,GTCTRT,AAGAKG,TCTWAG,GTCGRG,AGTTTT,ATARYC,THAATA,CSTCGT,AAGRTA,AATGSC,CGGAKG,ACACRC,GTACKT,GTCTYC,GGTKAC,CCGTTC,TACWAT,AGCCGG,CGCGHA,CRAAAT,CCATRA,YGGTCT,AAGAGC,AACGRA,GGTGRA,CTTAMA,GGCSCA,ATCTGT,CSAWAG,GTGAKT,KARACG,GKAGAA,AKACTA,CAGCAA,AACGSC,ATATWC,AACACA,ATTGVG,ACWCGT,GCACRG,ACACAG,ARACGA,GTGGWC,CTATCA,ATTGWY,CCCTAT,TTGCAC,TTKCTA,AMGCGA,CCCTGA,GGTKGT,AYCTCG,GTTGGN,GACTST,AGACAT,AGGCKC,ATGGWA,TAGCTC,CMATCT,GGCGCT,ARGTAA,GACATK,CAAAKG,ATCARC,WGGCTT,TTTCAT,ATAAST,GGYTGG,GCGCGA,CCTGRC,CATCTA,TMTCGA,GGGACA,CGGCMA,AGAARG,CGCARA,GGMTTG,CGCGAG,CCTCAA,ACAGWA,GASAAA,ACGGWC,AACGCG,TTGGMC,CGGMCC,GAAGGT,ACGCAG,AGCTGT,TGTCGA,TCAABG,TCTWGT,GCAMAA,GTCGYT,CATGWG,GTGCYT,CYGGAG,RCATAY,AATGKT,AAACCC,CACRGA,GCTTTG,ATGGTT,TGGTSG,TCGAMG,CTTGAT,GYTAGG,CGATKG,TTATKY,AATCAR,CWGAAA,TGCAMG,GGTAKA,GGGATG,GCGAWA,GTCGGC,TTCGAT,TYGWTC,ATGTRC,CGTAWS,TATTYG,TCGATT,ATGTAG,TCGGAT,AATCGT,ACATTT,GCWAGT,GACGSC,CACGWT,TGAAGS,TATCAG,CGATAA,GGAAWA,TATGAC,ACTGGA,CGGACT,GAAGCG,TATGCA,TTGATG,ATGTGT,TGAMAT,AGCTCA,AADTAG,AGTART,CTAGKA,GSCATA,TGCTMA,GTGGCW,AGAGRC,TAATAC,GAGACT,CCWAGA,AAATWC,AAATAT,AATATA,CCTAAK,ATCAGG,GWGGAG,AGAGGT,TCRGGC,AGTAKA,ATCATA,GGGTGT,CATGCC,TTCWTA,AAATTA,GTAARC,ACTAAT,CAGGAG,AKGCCG,AGCGWA,AGGAAG,ACTAGG,GGAGCM,ATGCAA,CCGAGR,ACGTRA,CAGGCT,AGGAGC,TGRATA,CTAAWA,CAGTAT,GTAGAY,AYAATG,TGCYGT,GACGTG,GGAGGG,AGGCCA,GCTGWA,ACMAAG,GTTGAC,GTTGTG,CTGACA,GBTCAG,GGCCAC,AGTACG,ATGARG,GCGAAG,CAAAGT,GTCACG,GGGTCA,AGATGA,GAGCGW,TGCCTA,GCCTAA,AGCAAA,TCATWT,CAATGC,CATTWA,CMGAAT,TTTTTC,AGCGAG,TTGTGA,GATAAC,TAGTGB,STCATT,KAATGT,GAATGG,GCCGGR,GATATA,TAATTG,GAGGTW,CCGGCG,TCCGAG,CGGTAG,ATGAGT,CATWTC,ATGATC,CTGATG,GAGGGC,GAAAAG,CATTAG,GCGAGC,AATTCT,GCGACT,ATTAGA,CGAGYG,ATTCGC,ATTCTT,AGAAAM,TWAAAT,TGGAAA,TTCTAA,CAGTGA,GCGTAY,CTAGGS,GCTCAA,GCTGGT,AGAACT,GATTGG,AGGGCC,CTCACA,TGGACG,TGCAAT,TCACAC,GAGCAC,CACAGC,TCATAG,GTGMTA,CATAGG,TGATTG,CGACGC,TCGCAW,TCTAAA,TGCATC,TGTGMT,GGCAYC,GGACAT,GGACCA,GACCAT,TCAGAA,GGACTG,TCTGTM,AGGGTG,TCAGTG,TGCTAC,AGATCG,CTAACT,CTAGAT,CAGTCG,ACAAGY,ACGAAM,GCTGTC,TGAGGC,TATAGM,CTCGTS,CAAGTA,TAGATC,AGTGKC,TGAGCG,TGTAMC,CGTGKA,AGTGCR,GGCAAT,TAACTC,TTAGAC,GTTAAW,TTAGTT,GGTCTA,TAGTAA,TAGGGG,TAGGTA,TTAAAG,AGGTAC,AGGTCT,TTAATC,CGTGAT,CGTGGC,TAAAAM,AAAACG,TACGAA,CGTTCM,ATCGCS,ATCGTA,CGYTGG,TGGCAK,TGGCTC,TACGTT,ACGTTG,GTTCCG,TTCCGG,TGTGCM,CGCTGW,ATACCW,ATACAC,CTGTAD,TGTGTG,GTGTGS",841.0,1716,,306187.0,0.3467162224392283,N/A,0
485,6,0,0,M_capricolum_ssp_capripneumoniae,850,906007,23.90623401008227,49.40739682993003,"MGAGYG,GTAGDG,AAAADA,GAAGNA,AGASBA,CGCGVA,CGAADC,GATGBA,KTGKCG,GACCDG,GCGGHC,GTCGBY,AGTGNC,ATACHC,CGYAHA,CGRCRG,GTACRC,CCGTGC,WGTCSG,SACGGC,MCGCAA,AAGTDT,GACGWG,CCTCVT,AAGWRC,YGADAG,GTARWT,CTGGDG,GCAAHG,GTCTVT,TAGTVG,ACGTNG,AAGCDG,TGAADC,CATYKG,AAATVT,ATGTVC,AGCAAN,MCTGCM,CYCTGW,GTACST,CAGTRT,AKKACG,ATTGDC,GGCGWT,TGGAHA,WGTRGA,ACAAAG,GAGTMG,GWAASA,CTGAWA,CACWTT,GRAAHG,AGATBG,ACGTRA,WTGTCT,TAAGYG,CGTCBC,AATTHG,GAGGWM,TGTCVC,GCGTYG,CAGAMG,MMAGAA,GACDGT,ACGCSA,GGCCHM,GCGCMA,ATTAGA,TGCCMG,YAGCAW,GTTGDT,ATGAST,ACTKTG,GATTKA,GAGART,GTGKMA,CGTGRG,CTTTRG,GSACRC,GCCCBC,MGCGAG,ATTSKT,GWACGA,TTGTDT,GATMGY,TTMCTG,GACTCA,CAGAWC,TCATWC,AAATMG,TACGDT,CCKRAA,CGGARC,GTWKGC,AATGYA,GYGART,AACGSA,GTCRYA,AYACMG,TACSCG,AGTWKG,GCAKYA,AATGKC,AGGGSW,GYCCGA,TGTAVT,CAGAAA,GCYGSG,TACGAG,GTTAAT,MAAATC,CCAGKG,ACGAWG,TGTCDT,RCAGTG,TCCCKG,AAGTWG,ATCVCG,ATGCGC,GTTGWA,CCGGSC,ATGCTT,MGTYGT,YAGGGC,MGSTCA,CCGGTG,AATTKT,TTAATA,ATAGMA,CGGACG,CCTCKG,ATGGMC,CCCCCC,TGCGWA,GAGAKG,GGTCDC,CACAGA,CAAAYA,ATCCAC,TGGCYC,SAAGAG,ACTGTT,TTGAHA,AAGARA,TAHCGT,AGGCYA,ACATBA,CMACCG,GCGARA,AAATRC,CATCWA,ATCCCA,TGAAWT,TGCTMG,ACGGTS,CCTVGA,GGAACT,ATMTWG,TCTAGC,AAAGMG,TGATYG,GATCGG,GCGAGG,TAGASR,SACACC,TCGAMG,CGAARA,SGAGGA,CGGTMG,AGCTRG,TTAGWC,TCGCMC,YAATTT,SGCCTT,GHGGTT,GCTCST,TGACSC,KGTCTG,TAATCG,GCTGKA,MGGTCT,AGCGYA,CATSAC,AAGAAG,ACCGCA,ATTTRT,WACTCC,MCGCGC,CARCTA,GGTTGT,AACTCA,GTCTTA,CGGTGA,TCCYGC,TCCCGA,ACGGGT,WCTCTG,GGTTTA,GCCCAT,AATASC,GMAAGT,CTGAYC,AGGGCG,ATCAAT,GGGCAC,AAGGAC,CCAWGA,GAGCST,AMAGTA,GGGAGC,TRACAT,AGCAGC,AGTATM,ATGAKA,GTKGTG,ATCACA,TTTAST,TATTST,GCCTYT,TGTAWC,ATTCTG,GTYCAG,CCARGC,TGATAY,GTCAAC,GTCAGG,TCGASA,GAATCY,AGAAMA,CARGCT,GGAGCG,MAGTGA,CTGAAT,TATTGC,CAGTSG,AGWAGT,TYTGTC,CRATGG,CKAAAT,AKGTAA,TCCAGT,AGGGTC,RAGCAA,TGGGWC,TCTGKA,ATTGSG,TTGCCG,GAGCGG,AMTCAA,GAGTRA,CKGCCC,TTAGYG,MTCGGC,GGCTKG,CTCGGA,GCCAMG,CMGCAG,CATAYC,CGCGST,AGCACA,TGTTYA,GCGCAC,TACTTG,KTGWGG,GYTTGA,AWAAAC,CATGTC,CGACCA,TTGGTD,AATAKG,TWTCGA,GGCWAA,GCGCTT,GGTAKA,CGCKGG,TCGGCC,GVATAG,GCAAYC,GACCAT,AACGYG,TGCCKA,CTGGRA,AWAACT,TRAATA,CGCCAT,TCCATG,KCGTAA,GGGTAS,GCCKAA,GATAGA,CAATAC,TGAACG,ACGTYT,TCGTAG,GACGYA,TTCGAG,TATTCG,GCAYCG,GTTTCT,TGTWGG,AGCATT,TAGAMT,CCACTC,ATGTMG,AAAACG,CTAGAS,GGTMCG,GTAGAC,TTCTTA,GAAGGT,AAGGTG,ACCAGG,AGGCCC,GTATSG,CCCGAT,ATAGKC,TTRTTC,AGTKCA,TCGAGC,AATACA,TAGACC,ATAGGT,GAAGCC,TGGGGW,CGTAAC,ATAGCG,GAAAGC,AGACGG,TTGTTG,GATGAC,CGTGWA,TAGGGG,ATMTGA,AGAACC,TTTATG,AGAATG,AACGAT,GCTTAT,CGAGGC,CCCGCA,AACATR,CATTTA,ACCATC,GATGGG,CGGGWG,GTCSCG,TTATGC,HCGCTG,GGGTGA,GKTCAT,ACATAT,TAGCGM,GGTGAG,ATGGAG,AAACAT,AAACGA,GGTGGC,TATGGA,AACGTC,CGGCCW,GCTTCC,ACATTC,ATGGGT,AGGTAT,CATACG,TATGTG,GGTGTA,CTSCGC,TAGTGT,TAGTTC,GYTCAA,GCGGCG,GCGTGT,GGCCAG,GGCCCT,TCCGAT,GTGCCG,TGGATC,CGGGCC,GAAACT,AGGTCG,AAACCC,ACCTMG,GGTCCA,CCTAAT,CGTGGT,TGCCGT,AGTCGC,CTGTRG,GAAATA,GTCCGT,TCGCAW,ACGTGC,TCGCGG,AGCGGY,CGCGTC,TCTGAT,GCCAGA,TATAAA,AGCCTM,TGTGAG,TTCAGA,ATAAAA,TTCATT,CGAGTA,TAAATT,TGTGCC,AAATAA,GCTGGT,TCATTG,MCGATT,GGACWG,GTGAGA,CCGAGC,CTGYAA,TGTAAA,CACGAT,GACACA,TGAGAA,ACGAAA,GTAACG,CGATAT,CGATTC,CKCAAG,GAGTCC,GTGCTA,TCAAMA,TGAGGC,ACACCM,CTGCAT,CTCCTR,GAGGAG,CGCAAC,TCAAAT,TGAGTG,CGTTAA,GAACAY,CACGCC,GGACAA,TCTTAG,ACACGT,AATCTV,ACGCCT,CGTTTG,CGCTGY,GGACGT,GTATAW,CACGTA,ATCTGC,GTATCC,GGATTA,TATATG,CTTGAT,TGCACG,TCAGGT,GATTGT,ATTTAA,GCTGTC,ATTTGG,TTTGGT,TCTGCG,TGCATA,TCCTGK,TCCTCA,TTGAAT,CTGGCT,AGTGTK,CCTGGC,TGGCAA,CACCTC,CTCAGA,TCTTGA,TCTTCT,GGCAAG,GGCACC,GCACCT,TGCTAM,GCAAAT,GCAAGA,CAAAGG,GCTCAS,GGGGAM,GGGATG,GGGGGT",900.0,850,,172147.0,0.31950260587950774,N/A,0
473,6,0,0,M_rubeus,6544,6689522,43.77199730059089,50.67562736827054,"TGAADT,TAAANT,ACTGHA,ATTGBG,GGTCHA,GTGADA,MGGGKC,TGGTSA,ACACWG,GATGVG,CGCAVG,AATASB,AAGTNG,AGTARA,TKAKTG,CGGTVA,TCGRCG,AGTBGG,STTTGT,GATAVA,GCCTRA,GATTBC,CGGTHG,GAGGBC,AAWTYG,TCRAAA,TGTSAT,GCVCWA,TAATNG,GGCGHT,ATCCRC,MAGGGG,ARWCGT,CKATST,TCCTCA,CGGVGG,GBAMAG,TGTASG,CGGCSC,ATGTMS,AGAAVA,SGTWAA,TAAGMC,AGCCST,CGTTBG,CTACTA,GGGGVC,GTWCGT,CTGART,GACGSM,ACATSA,CATAVA,TTAWGG,AACAMA,ATTTBT,TCGATC,AGGTRA,GMCRCG,ACGRYG,CTGAAA,GTGAWC,GTCGSG,MATMAG,AWAATR,GGGACG,GGAAAA,GAAAHG,GTCAYG,GATGDA,CAGCVG,TTAYGT,TAGARS,SARTAG,GGRGYG,GCAWSA,GGGRTA,GACCKG,TGTCSC,GATCWT,TGTGWG,GTATVG,ACCGTG,ATGAKA,GKGTGA,CGCABA,CAKCWA,GGGTMC,TAAGWT,SGCTAA,GTCCRS,YGAAAC,ARCRTG,CGGWGC,TGAGWA,GACCAT,GTGTSC,TAAASG,TGTTAG,AAMTGG,GTGAYT,MGACGG,CATTGG,AGGCGG,GAATST,GCAGSC,SGTTGT,CSGGTG,WTTCTG,GTCTWG,AGCTAG,CCATCA,GAYGAT,AATGYA,GAGGRK,GTKTAA,GCTGSA,ATAGMG,ACCACG,CWTCAT,TWGTAC,TTGGHC,ACCTAA,TCAGAA,GWAAAC,TGTAKA,GACTST,GGTAGT,TTGGBT,GCTTAA,CDAAAT,YCGCCC,GCGTMG,CTAGYA,CTCCAA,CCGGGG,GCTTGC,TAATRC,GTAAWT,TTCTVG,TAGAKA,AGGASA,MCTAAT,AGHCTA,YAAGTG,GGASGA,GTTTGC,GCTTTG,MAACGA,CAAAAC,TGGAYA,ATGCRC,CTCCGG,CAAAGT,GCKAGR,GCCWAT,AGGGGG,TGCAHC,SAACGC,GATCYA,TACGTT,TGAAYA,GAAAKT,ASAAGC,AYAGTA,GCGTWA,CATTCT,TVTTGA,GCTGYG,CGAGWC,GCAAGT,GCKCAC,ATATKG,CTGKAG,TATTGG,STTCCC,TGGCST,AGCAKC,GAACAT,GGRCTG,TAACAM,AGATRA,GGGSAT,TGGTYG,CTKGCT,CGTGRG,TTGTRT,CTTGAG,GACGGT,AAAACT,CTKTGG,AAATTA,GGCCBA,AATTAT,AATTGC,GACGTG,AGTGSC,AGTAKG,GGCAGC,CGCGRR,RGATAT,AYACTC,RTCCCT,GCAGTG,WATCTT,GAAWCA,ATTATT,AGAGMA,TTTCMT,TCCCKG,CYAAGA,TTCRTT,ATTCGC,TATCTC,TCCCTA,TCRTMA,AACACG,YTCGTC,ACGGWC,ACRATA,CGCGYT,CACGMA,CCCAAG,GATAMT,ATCTWC,TGGSTC,CMCTGG,GTAAYG,CCACKG,GAGAYG,TGCWCA,CGAGSG,GTGCKA,GGCATT,CCCGGC,TGATMG,CMTGGT,AAYGTC,AATGGT,GGTGWA,ATAGGT,ACTTCG,AGCCCA,GACAAC,GATCKG,TGCTAC,TGCTGT,CAATMC,CTGCAT,GAGGMA,CTGCGC,GGTSAC,GKATGA,TTCTGC,TAYAAT,GGKCGC,GGCSAG,ACAACT,ATRTAA,AGAAKT,ACGYGC,ACGCAT,CATCAC,AATGCG,GTGTAT,TATGKA,GCATAY,GCATTG,CACTAG,GAGCST,AACGAT,ACGTGR,GAGCGC,AGGCTT,AAGTWT,TMCACT,TGCTCG,GAAGTA,CATAGT,TSAGGG,GAKTGA,GTGTTG,GCGCKG,GGCGCA,CGCYGC,ATAARC,ATGCGA,GGCCAC,TGATAA,TAYATG,AGATAC,GCCAGT,TCCARA,CGTMTG,TWGTCG,GTATGT,TGTAAT,TCTARG,TGRTTT,AAGCAC,CCAGAC,GGATAG,TTTGYG,TATGGG,TTGCST,GATAAG,CGTRAT,CTAAMG,TRACTG,ACAGAC,CAGAAG,GACTCA,GTCGYT,ATGGWT,GAGAAM,CAGAGA,AWAGTC,AGAAAC,TGCGAA,TWTGTC,AGCACT,TMGTGG,CCAAGT,GCACAT,CCAATC,CTCGCA,GTWGTT,ATTGYC,KTGAGG,ATAAGT,ATCKCG,ATCTCA,CTCGTG,TAAAGA,ACTCAC,GCACCA,ATTGGA,TGAGGT,ACAGTG,GTCAAC,TCTAWA,CAAGAA,TGCCCC,AGTGCR,CAAGTT,CACACG,GTCATA,ATCTTT,ATGGAG,GGATGC,CTWATA,GCTAAM,CAGTGC,TAAGCG,GATAGC,ATGGGC,AAAGAR,AAAGTT,TAACGT,AAGTAA,TGGAGC,TCTTAT,CGTAGA,GTKGGW,GACAGA,ATAGCA,GGAGCC,GGTTGR,AAGTTC,GTAGAR,GACACT,ATCAGA,ATGAAC,GTTGGC,CGATAA,AGTGAT,TAGCAT,AAGAGC,TCCGAG,AAGACA,TGGRTG,GGATCT,TGGGCA,GGGTGT,AATATA,CGAGKA,TCCGGC,TCCGCA,GCGTCC,TCGTMT,GTCTAW,CACATA,TCTAGT,ATGACG,AGAGCT,ACACGM,AGTTAA,TAATCA,TCACGM,AGTTCT,CTAATT,TCGTTC,GAATAC,GCTCAG,GCCCTG,CACGAT,ATACAT,ACGAAA,ACGATC,CCCTAT,GTTAAT,CCCTTA,GTGGTG,TTTGGC,GCGAGT,GATTGT,TTGGCG,AGCGGY,CCGAAW,AGCGAG,CCGAGG,TAGTGT,TGCGCG,AATCAA,AATCGC,GCGATC,CGAATA,CGATTG,TGCGTT,TCACTT,KTTGTA,ATCGTA,AKGTCT,TGTCGW,GCGTTT,CACTGA,TTGAAT,TGTCCG,GTCGCA,TTGACA,GCGCCT,CGCGCC,ACATGG,TTGTGA,TTGTTG,ACATCT,CGCCCG,TGAACG,TAGGTV,AGGTCC,TCGCYG,AGGTTG,TCGCGC,CGCTCA,ATCACC,ATCATG,CTAGKC,CTAGAT,TAGATT,CTAGGG,TGCCTG,GTGCCC,CCTCAT,CTCACC,TCATAG,GCCTCG,CATACC,CATGAR,CATGTC,TGACAM,TGTGCY,TGTGGA,TTTTTY,TTTTAG",831.0,6544,,1.29194e6,0.3244701766335898,N/A,0
466,6,0,0,N_gonorrhoeae,2055,1793405,53.85480523917676,55.68039950062422,"SACGMA,GAAAKH,AATADG,TAAHDT,AATABC,TRAARA,ATAGNM,GAATDG,GTAGHA,GTGADT,GTAAHA,AGCGDC,GTGGWT,TAGTVA,RAASAT,CCTTAT,GGCGRC,WAATRC,GATAHA,WCGARA,CATAVT,RAGTRG,TGAGMA,GCCART,TTAADG,RTAAMT,ATAAKH,YAATVG,WGAART,AAAABA,RYATAG,WGTDGT,CTGTVG,GGGGRC,RTAGWG,AAARYG,CGCGDG,GGGRYA,CAGRKC,SGAWAA,SACGGC,TAGTHG,GAGCDT,TMGTCT,TAGGBT,AGATDA,TTAMYT,GCAARA,CTAABA,TTGARG,AGGTVT,GTTTMT,CTCGTG,GAGGYC,ACGTRA,AGAGHA,ACCCTG,AWCCAT,AATGBT,CCTTGA,TGAGRC,CTAGWG,GGTGWC,DCTAAA,ATTGNT,TAGASC,AGTASG,TGTAMT,CGCADA,RTMACG,MAGGGG,AGAGWT,ACGCRM,TTGCTG,AGTGKA,CATADA,AATGKG,GTHCAT,TGATRT,CGWGYA,SGCTCA,GBTGTA,ATGTDG,AATGCC,TWSATA,RAKAAT,GTGYAK,GATWAG,ACCTCG,CSCRAT,TCAGBA,AAAGWA,RTAGGT,GTGKCA,AGGACA,TGTGSA,TGTASG,TTTSAT,GMAAAT,CCTART,ATGHCT,CTAARG,TGCGMG,GCGAVG,AATTRC,GTCTRA,AAATMA,ATCGKA,CGTAWC,TATAHT,TCCGTG,AACAHA,GCGAWA,CGTCKT,CTGARA,AGCWST,TGACKC,CGTTKG,AACGRT,ACKSTG,TTTCTM,GWTKGA,ACGGAA,GVACAA,TGTGKG,KCTGAA,SATSTA,STGAAC,TATTGT,YTCCTA,CTDACT,AGCTAG,AAATYG,GCCGWA,RAGTGT,ATACWT,CAAATN,GGAGHT,TCATWC,CGGTAG,ATGCGA,TGCKAA,GCTARG,AAGAWG,TAGAGA,AATASA,TGCGTT,CGCTGG,AGGCGC,CAGTWG,GTGMTA,AGTAKC,RCAYTG,YACTAA,TCAWAT,CACYGA,ACATWT,TTGGWC,CAGTTT,GTGKTC,GCCTRG,CACTGG,AAAGSC,TAGACT,TATTCG,GGGACG,ATATMC,ATTTKT,AATYGG,TTTTWG,CTGAGG,TCTSCA,CTTTKT,CCGTAT,TGABTG,TGACCA,YCTCCT,GACAKA,TATARS,AGTAGA,GATCKC,TAACWM,GTACGA,GATWGT,TGGAMA,AAMAAC,AACGYG,TTTKTC,AGGTYA,TGGAYG,TTTGGT,AAGWTY,TGTHGC,GCGTMC,ATTCAT,AAHACT,TKAGGT,GGTCRC,ATWCTA,GTWGGG,ACCGAG,AGAAYA,TCASAG,CMGAAA,TCATKG,TTSTWG,RGAAAG,TCGRGC,GGGTMA,AGCTGC,TGAGGG,GGTSCA,CCGWGC,GACTMA,TCCAYG,AACTAC,TAGGYG,CSGGCC,ACTGKA,TTTTTT,GACAAT,CCGATC,ATWTAA,GTACCC,TGCTAG,TACGWG,AGAKCG,GAGCRC,GCTRGT,AGGCTA,GAAAWG,TWACTG,GAYGCC,AAAAGC,GRCTAG,CAAAGG,CATGWT,GCCCST,GTCCAG,TTCATT,GACTYT,TACTGT,ATAAWG,CCAART,CTKGAG,GACGCG,TTGGSG,GGGCAC,GTCCCT,GAAGAG,AGAGCC,GGAAAT,CAAACA,GRGGGG,CKAAAC,CCCTAA,CTSCAA,ATGTGC,TAACGG,AAAGTT,ACTGGG,CGAGKG,TGGCAT,CATTGG,GAACGG,CCACAA,CAGMAG,ACBATA,GGTCAG,TRAAAC,ACWATT,CGATAG,TSWATA,TTGGKT,AGCAAA,TCASCT,AGAACT,ACCACG,AAATAT,AGAATC,AAGAGA,GAATAA,GCAACC,TTAGGC,GGCTAA,ACCATC,TTCTTA,CAAYAC,ACGAAC,ACGAGG,CGAGAC,WGGGGG,TGCCCT,CGCGWA,TCCAGA,GGGKGT,AATTCA,ATCTRC,CATGAC,GTWTAA,TAGGTC,AATTTT,GGTART,GYCGCG,GTTAAT,CGTTAA,CTATRA,TCGCCG,TGCCTG,AGGTAG,ATTGAA,ACATAM,ATYGTG,GGCCYA,GTTAGG,CATCAA,GCGTWT,TGGGTA,GTARTC,GGCAGC,GAGAYG,AGATGT,GAGATA,GCGGCC,ACTMAG,TGTCRT,TATAAA,GAAGTA,CGTAAW,TATSGA,ACGTCK,GTAATG,TAGCYC,CGCGGT,AACTTG,TGTMGA,GCAGAA,GGCACA,TGGTKA,CGYCGG,TGGTAC,AGACCA,CGCGCC,GCGCAT,AGACTT,ACTAAC,GTYGTC,GGTWTA,ACTCAA,CTCCTG,TATCTT,GGTATG,TCCATT,CTGTCC,TTAGCG,AGCRCG,AACACS,TTAGTT,CCATYT,CCATAG,AGTGAT,CATCTG,GCGCGA,TCTWGT,ATGGAG,GTCGAG,TGGAGT,TAAGSA,TGTCAG,CATTTA,GCGCCG,CGCCGC,TCGTAW,CGCACG,CGCATC,TAAGAT,GTCGTA,CACAWA,GTAGCT,TAAGTG,TTGAAA,ATCTAG,ATCTGT,GCTCAR,AAGCAC,TGGTTT,TGTTCM,TAGCAW,TCTAGG,CTAGTW,AAGCGA,TAGCGG,TCGTGG,CAYAGG,CGTGGC,GCYCTC,TCGTTC,GCTCTT,AAGCCG,AATCGY,TTGTAC,TAGTGT,CCCAAG,TAGTTC,TCGGCW,CAATAT,AGCGTA,CCCAGA,AGTTSG,AGTTGA,AGGGGW,TCAATG,ACAGGT,GTTCCA,TTGTCT,ATATGG,CGGCAA,GTCAGM,GTCATT,CGGCCC,TTTAAC,TTTACT,GCCGGG,GGCCCC,CTCTTT,GGCCTG,TTATGS,GCCTGC,GCGTAA,ACAGCA,CCTGCA,AGCCGT,ACACAK,GCGTCG,CAGCAT,GGATGC,GGATCT,GGATTG,AGCATC,AGCCCA,GAAACA,GCATAT,GCATGA,CATATC,TAAACK,CCTGTC,ATGATM,TCTTAC,TCTTTG,CGAAAK,GATCCT,CGAAGA,ATCCTT,TGATAR,GATAAC,ATAAAA,ATATCT,CCAATM,CTCAMT,TCCTCR,CCTCAT,CTCAGG,CTCATA,AAACAC,AAACGT,AAACTA",868.0,2055,,358337.0,0.3166538315794702,N/A,0
445,6,0,0,P_xenovorans,8401,8185969,63.34444504228646,56.677369485075516,"WATTGW,TAATRN,AAAAMT,ATARNA,AATAVV,AAACDT,GAAAHD,AGAANT,CTAADA,ATAADC,GTAABA,ATGTNG,TAGANA,TGARHA,AGAADC,GGAAVA,MGTASA,CACGAA,TTGADA,ABGATA,TAAADT,TAAGWW,GAAGNA,BCAGAA,MAATAM,CGWAWA,GATANT,ATAGHC,TTTCTC,CGMGAA,TCATAN,GTAGDG,CATADT,CATTDG,AAAARC,TAGASC,AGTADG,AYCATA,GTATVG,AYATWC,CTGTBG,AAAWYG,YCGARA,AGACRY,TGTADA,TTTTRC,AAGTDG,GCTGWA,YGTKGG,AATGHT,ACCGAG,TCCGDG,BTAGTC,TTGTDG,CGCAWS,AAAMKA,TGTGSW,GAAADC,TGTMRT,TGAADT,CGTAWC,CTGGGG,MKTTGT,ACCCTG,TATGGG,SCCAAT,CGCWAA,TGAGRC,TTCGAT,GGCGGC,GTTGWA,SARTAG,GAGART,ATAABT,GTARMT,GTGGWT,TCGAYG,AATGRG,GACABA,MASAAG,AGCCGT,CTAGHA,WAGTST,GGTMRC,RGCAWA,CRAGCA,AKTGRT,CAACKC,GTCCVT,AGTGYA,GTCGHG,GKACAK,ATCGKG,AAGCRW,TCGAGC,GTTGST,TCCTHA,AGTTSG,TTGAKG,GGAYGC,GAATRA,KAATTG,GACGYA,GCAART,ATACYR,THGGTG,CCTGTC,TTTAST,TGCAWT,GACGCG,AATTRC,AGAGWT,ACCTCG,TGCMCG,CTTART,AGGTVT,AGAAMA,GMRCAA,CTGGCT,GSTCAG,GCAAWC,AATAAT,GGATGT,ACGWRA,WCGCAA,TTGHCT,TTAAYT,TTAGKT,GCCGAA,ATCCYT,TCCSTA,CTCTCT,AGATWA,CCGTAA,ASATAT,TCGGCA,GGCGTT,AACGDG,TTTGRT,ACGCTG,CGKTAA,ATGGWA,GGGRAA,GTTGKG,GTTCWG,CCGAGS,CCGMAT,TATADG,ATGGKT,ACGTGC,CGSTGG,GTAAMC,GATCYT,TSTCCG,TGGAMA,AACAMA,ATGAAA,GGACTG,STGTGC,AATATA,GTGKCA,CTTACA,RCTCAA,GATTGW,AACACG,GGAART,AAATST,CGAGYG,AMTTGG,ATAGWG,WCAGAG,TCARGT,TAGTMG,CGCGTR,GTKGTC,TAGTSA,ATTGMC,TGATMT,GCAGCG,TCGTSA,GATTAG,GGTKTA,GAGTMA,STATAA,AGTGKC,TGTAMC,KGGGGG,TTCMTA,ACACAT,CAGGCA,AAAGTW,TAGTCC,SATCTA,CTCTTA,CAGTGG,GGGAGC,GTACGA,ATTGTK,GTACTT,CTCAMT,GTTWGG,TCTGHA,TAAAKC,AWACGC,AGTCYT,TTGGGT,AATGWC,CGARAT,GMGAAG,GTTAAT,CGTGSC,CCAAKC,ATGTKM,CTGAWA,TTACCT,TGTCGA,TACTRA,GTATCC,GAGKGT,TACAWT,GGAGCC,CTVAGG,GGAATG,TGAAAC,TAAAAA,TTTTKT,AAAGAC,CGATAR,TTGGTC,TAGCAT,TYTKTG,CTCATA,TACATA,CAAWCG,TWCTGT,GMGATA,GGAGTA,GSTAGA,CGATCT,GAGATC,ATCCGA,TWCTTG,ACTGYA,AGGGTC,CAGARA,GCGGCC,GGTTCC,CACTMA,GGGTAC,ACTAWT,AGGTAG,GACAAT,GGGTGT,GGGTCA,ATCCTC,GAAAGT,GAAGAG,AACGRT,GACATG,GCAASA,GTAAYG,AATCRT,ACAAGC,TAASTG,TCGTAT,TTTGAC,GCSCGT,GKTCCA,GGCAAC,GCGCGG,TSATGC,GCAACG,AAGAMA,ACGGTT,TTAATR,AMATGA,TGGCWT,GGCTAG,CAAGTG,ASAGCA,TAGCGG,CATARA,CATGTW,CATGGC,TAGCTC,CGGTAG,GCGMCA,AGCTCT,ACAGKT,AGGAAS,GAAGTC,GGTATG,GTGCWA,ATCGTA,TGGYTA,TGGCCG,TGCTAA,TGGTAC,TGGTCA,AAGARC,AAGATG,GGCTGT,CGAAAC,ATTYAT,CTAGRT,CTTGMT,CCCGCA,GAACGG,AGCGAG,TAAGAC,ATCTWT,GTTTAA,AGAACG,AAGTAA,TTTAKA,AAGTTC,GTCAKA,CAGAAT,MTGCGA,CGTAAT,AGTARC,AGTAGT,CGCGGT,AGTCGG,AGTCTA,CAGACG,AGAGCC,TACTAC,CAAACC,GTCTAA,ACTCAG,CAAATT,GTCTCT,GCTAAA,TSACTT,TATAMT,AACTAT,KCTAGT,TTATAT,GGCTCA,GCTGTY,GCATRG,CTWGAG,ATACTT,ACTATA,TACTCG,CGTGTA,GACTTT,CACTAG,ATGACT,TTGATC,TCCAAG,CATAGG,GCGTCG,GTGTAK,ACTCGT,TGCGYG,CGCCTM,TAGAKT,GCCTAG,CTATCT,ACAGCG,GTSTTC,AACTTG,TCTGCG,GAGCRC,TGTGWG,TATARC,GAGGCC,CATTCW,GAGCAT,AGCATS,GCATCT,CCAATA,AGCAGT,TGTTGW,CTCGTG,GATGAT,ACTCCA,AKGCCC,CTCCAT,CTGTMA,ATTCAA,TCGTGG,ACATAA,TCGTTC,AATTTT,TGTTAG,CGTCTT,TCTTCT,GATGCA,TTCATT,TAACTM,GTGAAC,ACTGAY,ACTGTG,TCATTG,CTGATT,GATGTG,ATGCGT,TAACGT,AACGAA,TGCGTT,ACGAAC,TGAGGK,CCTAAG,CTAAGT,ATATAG,CCTAGA,ATAGGT,CCATAK,CTTTTK,CCATCC,GTGAGG,TATAGA,ATTAGM,TTAGGC,TAGGTY,GGCCCS,GGCCAA,TAGGCA,AGGTCA,GGTCAT,GTAGAM,GTCACK,TCACAG,AGATAC,AGATGG,TAATCA,CATATC,TATCTK,ATCTGG,ATCTCC,TGTGCC,TGTAGG,ACATTG,CACATW,CACAGG,ATAATG,TAATTT,TTGTGW,TTGTAC,GATAAG,TGATAR,GATATA",835.0,8401,,1.286886e6,0.36440820783844174,N/A,0
452,6,0,0,R_capsulatus,3348,3228283,66.78132563696121,57.55377040684115,"RTAAHA,ATAGVA,CATANW,GATGHA,AGARMA,TAACDM,CAATRR,CGTANA,ANAAWG,AGACBT,AGTGDT,CWTTRG,GTAGNT,TARTDG,TTGGNT,TAGADW,TTTTYC,GCATDA,TAATDT,CATGWT,GAAGWH,TVWGTG,AATAVR,GGAGCA,CRCAMG,AAGCVT,GTAAVT,ATASHG,RAAAGC,ATGTBS,YTAAYT,ARSAYA,AGAAHT,WTTTKT,AATAMC,ATAWDC,AGAGRT,RGATAW,TATARV,SARAAT,ATAGBC,AGAYAC,KACAKA,GGCTMA,ATCART,AYATRA,AGYARC,MASTAG,GTATDG,TGTTVA,GCAAVC,GCARYG,GGTGCA,TAAMWT,BACTGT,TAGTVA,AAGCDA,ACGNAA,GTAAYG,AATGKT,AAAGMA,MCTKTA,CATGAA,TGATVT,GAGGYY,ACAGVT,TAAWRA,VCGCAT,TAGGYT,KCTCMT,GATAHT,WACTAT,AAAAYT,AAACWA,AAGGAC,SGAAGW,GAGGWA,AGGCWC,TGTSRT,CGGACA,MGAGCG,AGCGHA,AAGAWC,TGTAMT,TGAAKH,TMTGMA,AGTAKW,TCAGAG,RRAATA,TTGTHC,GATYGC,TKTAGA,CGCAHA,GGTAMA,TTGTBG,CAGTTA,AGACWA,GHACAC,GTCCMT,ATGCMC,GYGAST,CGCGWG,AGTGWA,ATATWG,ACACYA,RAWTGT,GGCAWA,GKACAG,KCRAAA,CGTTKT,SGCGTA,AGGACG,TATTKR,TAGSKC,CAAGMT,GTTCMG,CTARHA,CGGCAA,ARAATC,KACTGA,GTAGMG,GCGCHG,ACACKG,CGCCGA,GGGWAA,ATACWT,TAAARC,CGTTAA,CGCTGT,AAGRTG,CAAASA,CTCMAT,TAGARC,AGCADT,TCCGTG,ACTGMC,TYCCTA,CKAGTC,GACART,GGAAAG,GCATMG,GCTTCC,ACCATA,GAGHAG,MATTTG,TCTTKT,TGCTRA,TTTCWT,RTCTAG,AATTRC,CTSMTA,TATAWT,TMGYAT,ATCAAC,GCTGWA,CGTCCM,AGAAGC,CTCTGT,GAAGCC,TGCWAC,GCWAGT,ACCGAG,GATGRT,TCATWC,GGAACA,TAACCC,GGTCRC,GACGSC,ATATTT,GCGCRA,AAAGWT,AGCTAG,GATAYA,TRCGAG,CCCAAG,TACTYG,AGTASG,MTARGT,GTAGWA,CAGAKG,TCCAWT,CGTCGT,ATGGKY,TTCATT,TTGCCY,TCGATY,GKACGA,ATTCGC,CGTCTG,AGCTCT,ATCGYG,YGAGAA,ACCTCG,ACACAT,TCATTT,GGCASC,KGACTG,AATART,ATGAWY,STACAT,CGTTTC,AACAVG,GAGAGT,KAATAC,CCGMGC,GTACGT,CGAAAN,YACGCA,CACCGT,GWGATA,AAATYG,AAACAY,TACKTT,GCTTTG,AAACGG,GACWAA,AACAAA,GWCGTA,GCTCAA,CTYACT,CGCAYT,AGTCMT,ACTGYG,ACGCAC,AACGTC,CATYTA,TTGCTA,GCTCTT,GCCGCG,CATARG,GKCCAR,ACAGGG,GCCGTA,ACAGCA,GAAAKG,GAATMA,ACTGGA,TTTGAC,GAGCAM,CGMATC,TWAGMG,GTTTYT,TCACAC,CGMGCA,GCASAA,GCGTMG,CTCRGG,ATTCTT,GCACAG,TYGAAG,CGCATG,TGACKC,AGTTRT,CCAAGM,TTYGGT,ATTGMC,AAGACG,TGACAA,TGTCGA,TGCGWT,AGAGKC,GAGYGT,ARTCTC,TMGGTA,GTSTAT,CCAAAT,TTTGTA,GAMTCC,TGCGGA,AGAYTG,AGGTMA,TAGTYC,GTCCTG,GRTCTA,ACTCCG,ACGAGT,CWGCAT,TCTGGC,TYCTTG,AGRTCC,TATTGY,GGGGKT,GGTTAM,GTTART,CTCGAT,ATCGKA,ATAAGA,ACGATC,ACTTTT,ACGTGA,CAACTT,ACGTTG,CAGRGA,AACTTG,TCGGAT,TGTGAG,TAGMGG,CACAAA,GGTAAT,CGGTCG,TSAAAT,TCAACC,TCAATG,GCCTMA,AAATAA,ATTGKT,GAATAG,CACATT,TTTCTC,GAGTGA,CTGGGT,GGTCGT,CAGGGC,TGGGKA,CAATGC,TAGCGT,ATTGTG,ATAATT,TTCTCC,CTCCAA,AAATGC,TGGGCT,GTTGKA,ARGTTT,AGGGCG,AGGTAG,TGATMG,CAGACT,GGTWTG,GGTAGC,CGATTG,TKGATR,CCGAAA,TGGACC,TTGATC,GGGCGY,GATAGC,ATAGAT,AGCGGC,TGCCCT,GTYGTS,TCTGTT,CTTGCC,TCTMGG,ACAARC,GTAAKC,CAGATC,TWAGTT,TGCCTA,GAATCT,GCAGCC,GGATGT,CAGCAG,ATCTGC,AATCGT,CCTTAT,ATCTCG,CAAAGT,CGTGAR,TACAAT,GCGAGC,TACATG,CTAGAG,GATTTA,ACAAGT,CTRTAA,TATGGS,AATGTM,GTGAAW,CATTAA,CCTTGA,AGCRTG,AATGAG,CCATAR,GCGACG,GCACGC,CAAGCA,TCTAGT,CAAGTG,ATGGTA,ATGTAA,ACATWG,GTGAGG,ACATAT,GCGGGA,CGGGAC,ATGTCT,AAAGCS,GTCTGC,GTTAAR,TTCTTA,TCTTAA,TTGTRW,TGAGGT,CTAGGC,CATCCC,GCGGTC,AAGCMC,TTCCAT,AAGCCG,AGCAGA,TTCCGG,TCGTGA,AGCCCG,ACTAYA,GCCCGT,TGTGGA,ATTTAD,CGTGCC,TTTAGT,GTCGCW,TCGCAA,TATGAT,CTGTAG,ATTAGR,CTGTTC,GTATKT,GTATAA,TAGTCG,TGAGTA,GCGTAY,TTAGTG,ATGAAG,AGTGKC,ATGATA,CGTATS,AGTCTA,CGTAAT,TTAAGG,TTAATA,TGATAM,ATACCA,ACTAAK,ACTATC,AAGTGR,AAGTTC,TAAGGA,AGTGGG,TATACC,TCCTAG,TCCTCA,GTATGC,GTGGCM,GTGGGG,TGGCCG,TCCATM,CCATCC,TGTTGY,TGTTCG,GTTCGA,TGTAAS,TGTATA",901.0,3348,,531017.0,0.3429720705740118,N/A,0
430,6,0,0,S_alfalfae,7075,7280021,72.35144531180512,58.063260684970274,"KGCGTA,WWAKTG,GATAVC,AGTADK,SYGTAA,AAATVT,BARTAG,GTAANW,TAGADT,MGARTA,KGGAWA,WTCWGT,TTGADG,TAATVA,WTCRTA,ATARVT,AATTNG,TTGTRT,AATANA,TGAANA,TAACDM,AGTGBC,AATAVC,CATAHC,TTACWT,AWAAMA,AAGTDG,CCTGGC,RTAAYG,TTGGWY,GATYBT,GATADT,TGTCDT,GGTAVA,GAGRWA,CTGCTA,TAAAKA,GGTCHA,WCACAT,GGCCWG,GTTDRT,AAATHC,AGAAVA,TGTTGN,AAAAWK,CMCATA,AATTVT,GATGHA,GCAAVT,WAGARC,WTTGBT,AAGAHG,ATATDA,RTACAG,TGAGHA,GCATKG,CATCAT,TGYWTA,TAGTST,AGATAN,MTAGWA,ACCSTA,KTGATA,RGGTAR,ATGTDG,GTGCHT,CATCTA,AGTRKA,AAGTSA,CGGGAG,MTGGTA,GATABA,GCAHAA,GGASAT,WYTTGT,CCATDT,ADAGCA,YGGATG,AAGTKT,GACGHA,AGGAMG,GWAKAA,AAACRT,GGASTG,TATTRW,GCGCAA,GGWCGT,CGTAVA,TTCGTT,GAGGGT,GTCTMG,TCWTAR,TCCCTA,ARACAA,CGGATA,GGTGMA,CCTCGT,GTATWG,GAAAWC,CCGAAT,CCTTTA,GTATSC,CTTCAG,ATRSCG,AACGYG,GGTCTG,TCAGRA,CTCMTA,TTTGYG,TGTAMT,AWTTTA,AACTWT,GAAAKT,TAGCAA,AGCASA,ACGTHA,TGCACG,RTAAKC,CACATT,AGAAMT,CATAWT,AYGAWT,TTGTSA,ATCGGA,AAARTA,TGTAAA,AGAGMC,ACTAWG,ACTATA,TATTGC,ATGAWC,GTASRT,CATGKT,AGAAYG,AAGVAT,GCTMAA,TAGGWA,TATTTG,AATCWG,TCTCCA,TAAGWC,KYTGTA,GMACAT,CSAAAT,GTGTYG,CACTTG,TTTCWT,AKCATG,TGAAKT,TCWGTT,CATAYA,CAGGCA,GRAAAG,ASGAAA,AATGRT,CGCTCA,GYAGAG,GTCCAT,TACAAT,GGATRA,ATACMC,GGATAT,TSCTAA,AGGAGC,ACATWC,AATCYC,CGGTAA,TCGTDT,GMTGTC,TGCSGT,GATGAT,TTTAKA,GGCART,CYAAGT,TTCMAT,CCGTCT,GTCCGG,WACATA,AGCCCG,CTTTVT,ARTACG,ASAGTT,AACTCA,GCGAWG,ATGAKA,GAGACT,GAAATA,CAAAMA,CATGAG,ATATRC,AWATAG,CAATST,TYTGTC,CATTKG,TCCTAT,ATATGT,TTGTKG,GTGGWT,GAACGG,TGAGGT,TAAGCG,AGBTGT,GCGTRT,ACAGAC,ATCTWG,CTTWTG,AGCCTC,CTAGGW,AGTCWT,WTAGAG,GAGGTC,ACTCAG,AGKCTA,TAGAKA,TGGTWC,AGACTT,GGTTAC,WTTTYC,TGTCKA,AGAGAA,GGTTCA,GCGAGT,CAAAWC,TTAAHT,GTCGYA,TAACTG,GATKCC,GTCGCG,AMGCGA,GATWAG,TCGTMA,AGGCAG,GTTSTG,ATTAGG,TTGTTC,TCATKT,TATAAB,GGAAGT,TGGCAT,ACTGKT,GGAACA,CATKTA,CSTAAG,ATAACC,TATAGA,GCCCTG,TCTAKG,CAAGTW,GATGTG,AAATAA,GTCAWA,GAATGV,AGCGCC,CAAAAT,GTKCCG,WATCTT,CAAGAG,TAATYT,TCAAAT,TTTCTA,GCCTAA,GTTAGG,GCAGAA,WAGGTG,CGTRAT,ACTGAC,AGCTGG,AAAGMT,WGAAGC,TMATAC,TKCTTG,CGTAAC,CGATTY,TCARTG,GCTCAC,CTGGAG,GGCAWA,AATGSC,GAGCAG,ACTTTG,CGTTKT,GCAATC,AATSAA,AATGAG,TGGCTC,ATCACA,ATGAAG,TAGTKG,GAAGTR,MTTATT,ATACKT,CAATCA,TCCATW,GGCTAT,CCTAGC,TCCAAC,CCTATA,GTCTRA,TTAGTT,ATSTTA,AGATGA,TCGAKC,TWCTTA,TTAAAG,CAGTTY,TGTGMC,CGAGCG,GTCATK,CTATAA,TGTGGW,GTGATT,GCAGTT,TTTTAA,TGTGTG,CTATGC,GAAGGT,AAGGTA,TTGCSA,CGAGTC,TTTTCG,AAGTAC,GTACGA,GGTART,CGAATG,CGWTCA,GAAGCC,CGCATM,ATGTCT,GAATCT,GATCTA,CTGTCA,GACAWT,AGGTAT,TGTCAC,CGCAAG,GACATG,GCGTGA,ATCTTC,TCGAAA,AACAAS,TGTTAG,TCGACG,GTCAAC,AGTTTM,TCGATT,ACAATG,CGTGGT,CTGTTG,TAGGAC,TAGGTT,CAGTGG,TCCGCR,CCGCGA,GTACCC,AACATT,CGCGTG,TGCCAC,AGTAGC,CGATAG,CTAAAG,TACGGA,TACGTG,ATAGTC,MCATTA,ACATAG,TTCAGA,TTCTTT,GTCTAT,TAGTGA,CATTGC,CTAATA,CAGAAK,CAGAGC,CAGATA,AGAGCT,GAGCGT,GTCTTC,GGTAAC,CCATAM,CATACG,AGTGGG,AGTTCG,CTTGAT,GTGGTG,CTTGGA,TCTTWT,CTAGTG,AAACGS,ATACTA,ATTGAY,CGTTTG,GTTCAA,GTTTGC,TTTAAC,TTTATG,TTAATC,ATTGGA,AATAGK,TTGGCG,GAGTAW,TTGAMT,ATTGCG,TCTTGC,TTATGT,CTTGCC,AACGAT,TTATCG,TTGATC,TTGCTT,AACGCA,TCTAGT,TCTACA,AACGTC,ACGTGC,ACGTCT,ACGTTG,TATGGC,ATGGTS,TATGCT,ATGGGT,TGGGTA,GGGTGC,TGGTAG,TGGTCA,TAAAGY,TAAACG,TGATAM,TGACTR,TACTGY,TGATTT",802.0,7075,,642432.0,0.34434886813235766,N/A,0
465,6,0,0,S_aureus_ssp_aureus,2793,2402069,33.53528059587192,51.29257641921397,"AATAVR,AGAAVT,GATGNA,SATANT,CTAGNA,TATAMT,TCGAVA,AATGBT,WTDGTG,WGATYG,BAGGGC,MCATAC,AATBWG,SCGMAA,GYCCRG,GAATVC,TGTGVT,TGAADM,CTACAT,AAATBC,RTWGAC,ATATHC,GAGAKC,TCCAAG,AGYGHA,TATKGA,GTAGNG,GTKGWT,GAAAHT,GGCAHA,ATCGBG,CGCAWV,ACGWKG,CGGGSC,TATAYG,TGTADA,GAATMA,TCGTRT,AAACDT,AGGGST,GGMCAC,CAGCRG,SGRAGC,YATSTG,TGCRMG,YAATAG,GACTNT,SAAAAC,ATGGDT,ATGARG,TGTGDG,GATCWG,ACTGBA,TGGWYA,TGGTWG,GGATKG,GCAGBT,TCTKKT,RAATRG,TTGAAT,ATAGHA,ATGTWA,TKWTGT,GGKATA,ATGTKG,GCAART,TAACWA,ATTGKT,AGCADC,CGGSGR,CAGMAT,GGTTGG,GAGHAA,GCGAVG,CGAGMA,GCGABA,TAGTHC,CCAARA,MATGAA,GTAAVA,MGAAWA,AATTRT,TTGATG,GTGART,GYGCGA,YCGAGC,ATGTAC,GCAWWA,TCAGWA,CTGGMG,GATYGY,TTCWTA,ATACMA,TAGTBT,GAGGYC,ATCGGA,TGCTMA,GTTAWT,GRAGTA,GTGYAT,TWATCK,TCTAGG,GTGGSA,CGCTRT,KSATAC,TACAYG,TTATTG,TCCGHG,ATCGCT,CGACWG,AGTTTA,CWCAGA,RTAAAT,CCCGSA,GGTTCC,RAAGYG,AGTCGT,TTCYTG,GMCATG,ACHATA,GGGGKT,ASGGCA,TTGTWC,GGTGYA,AKCCTC,AGCGRC,YAAGTA,TACATA,CTCCGA,ATGCMA,TCCKCA,ACGTKA,VAAATG,GYGTAA,AGTCCA,TCCTAT,KCATAG,WGAGAT,CGATWT,TGGCST,CAATRC,SATRCC,RAGCGT,WCAGGG,ATACSC,TGACYG,AGCCTA,CAGGAG,AKTAGA,TCGSAT,RAAGAA,GATWGA,AGGTCA,ATKCGC,TCTGKC,ACAGAA,TGTAYS,RTATAA,ATACYG,TGCCTG,GTGYTG,TGCGWA,CGAGSG,CGTTKT,GTACSA,AATCMC,ATCAMG,CTGTRA,CTGKYC,CGRTGC,GGGAYG,CGTTTG,GTTTMT,GTTTAA,CAACGG,AATCTA,TCCGGC,CTTGTC,ACCAGT,ATCART,GGTCMR,GGTSGC,GGACRT,KAGTAG,CTTCGT,TACGRA,GASCAT,AAGGTG,GAAGYC,TTTCAT,GAGGAG,ACTAAT,CCGGMG,TTTAMC,AGGGYC,ACCTAA,GAGGGT,GTCAYR,TCAGTC,GGCTMA,RCGCTG,CTAAMT,GGGMCA,GTAAWC,CGCTGG,CGGATG,GRGTGG,CWATGG,MAGCGA,ATTYTT,CATASG,TSACAA,AATASC,TATTKG,CGGCAC,ATACKT,CGTARA,CCATGA,AGGGTG,GCACKG,GCCTMG,AAGTAR,ACTCKG,GTACYT,TACGTC,CTAACG,GAAASA,CTCTST,GTWCCC,GACGMA,GAGATT,CTATAT,TAACTG,ATGAST,TATAAA,ATAAKA,ATAWTG,CGTCWC,RGCGAG,TMCTCG,GCKAGT,TAAGAC,TATATC,TTAAAG,AGGAWA,GKCTTG,AAGTGT,CSTCGG,CATKAG,GTYGTG,TTGTSG,TGGRGT,ARTAGT,CTGTWG,AATATA,TTGTKT,AAAAYT,TGTAMT,ATAGAT,CYAGAC,ACTCGT,GCTTTG,TGACTT,CCGATT,GGCTCG,TRCTAC,AGATAY,CATGGT,TACTTT,AAAAKC,TGTTAG,TTAGSG,GAGGCA,GTCGCA,GACGRT,TGTTGC,ATATGG,ACATTV,GCGCAC,GGAAAA,TAGCAA,CAAGCG,TAGCGT,AGGACG,GCGCCA,ACGTCK,CAAARA,GACCAC,GCWCAA,GCTCAT,CTATCA,ATGAKA,CTCATA,GAACAT,GGAAGT,TGGGTS,AACGCR,GCGTMG,AGCART,AWGATC,AAGCGG,GGCCKT,CCAGTA,AGCAAA,GTTAGG,GCCGGG,CTMGGT,TATGGC,AACGGC,CAGTGR,CAGTAC,CTAGTC,GACAAA,GTTGGA,GGACGC,AGTAAK,GYGGGG,GGGCCG,AGTAGC,GCCGTC,TGTTCA,GTTCGT,TTMGTT,TCGCAA,GACGCG,ACGGTC,GGACCA,AGTGAT,CGCSAA,GATGAC,TGAAGT,AGTGGG,GGMCTG,ATTGCM,CAGACR,TGTCMG,GCCTGC,TTCGAG,MGCGTG,CAGAAC,TCGGGC,CCGCAT,CTCGAT,CAATTW,ACGTAC,GGCCCA,GTGGGT,AGCGGT,TGTCAT,CGHAAT,CTCGGG,AAAGAT,TCGTGA,GCGGGC,TAAART,CGGTAG,GYAATG,AGAGCY,TTGCGT,GTAATT,CCCTRG,TAAATM,TAATTT,AAATAA,ACTGRC,CSTGCC,GACACC,GTAGAA,GGCGAT,CTGCWA,ACGMAT,AAATGT,CGAAWC,CGTATC,GGCGTA,TAGASC,TAGGSG,GTAGGC,AGGCAA,CACGMA,CGTGAG,TAGACT,AMGAAA,AAGAAG,AATTYA,AATTGC,TAGATA,GTATCG,GGATGA,AAAACA,TCAAGG,AAACAC,GTGCAG,TGTCTA,CGAAAG,TCAACA,AATGGA,AGAATC,AATGCC,GTCTGT,CCTGAT,CCTGGA,ATKGGG,ATTTAA,TGGSGA,GTGCTA,GAAAAG,GGGGAC,TCATAT,TCATTA,GTGAGR,CAACTC,GTCCGA,GTCCCT,TCCCTG,AACACC,ACTGTT,TCTTAG,TCTTGC,ATCTGN,ATCTCG,TCTGTA,CTGGCT,TTGGMC,GACATT,CATTGA,AGACAT,GGCAGC,GGCACT,TGAGWG,CTTTRG,CACGKC,CTTTGC,AGACGA,AGACTG,CTTTTT,ACACGY,ACAAAK,GACTGS,CTGTAT,ACGCAG,GCAGCC,ACGCGA,TTTKTT,TTTGGC,TTGGAT,TTGCCC,TTGCTG,ATGGAC,ATGGCG,ATGGTA,TGGATG,TGCTGT,CTGAAA,TGAACG,GAACGA,TTTAGW,CTGAGT,TGCATW,GCTGTM,CTGATG,GCTGCG,TGCAAC,GCAAAC,TTTTTM",851.0,2792,SAOUHSC_02410,556249.0,0.26779613772049615,N/A,0
461,6,0,0,S_elongatus,2704,2442996,56.014078162463896,56.30252100840336,"AARTVA,RATAVG,GATANA,AAAAVT,AGAAKH,AAGMVT,GTAADW,GTAKDG,TAATNT,ATARNA,ATCSBA,WGGWCG,TAAADT,TAGTNG,GAAANA,AAARWA,MGCANA,MARAAG,AATRDA,ATAGVT,GATGVA,WGATWG,GYMGAA,ATACBT,KAATRC,WACAYA,GATCBC,GAGAHG,ATATHG,MATRWC,YATTGA,GACAHA,ATGTNG,TCGWMA,GGGAHA,GCAGNG,RAATWG,WAGAWA,TTGCYA,GAAGHA,TTGADA,TGTAHT,CTAGWT,CGTADA,TCAGBA,MAAYGG,ATTGDG,TGTADA,AGTMRG,CATADT,ACAADT,RGACRT,AGCANC,AGTKYA,AGACBG,GTGKMA,ATGAWM,CAAABA,TAGTRA,GATCYT,GATTRT,TAASWA,AGCYGT,AMABAT,TTAANT,GAGTMG,GGTCRT,RACKCA,ACGTNA,AAGAMC,ATAAWG,AGYCTA,GATASC,MGCGCA,CGCTMA,CTCATG,ASTAAT,TGATVT,CKGAAG,ATACRG,GTAGWT,ATACGC,TAAASG,ACACCC,TGAADA,GACTAG,AGAGDC,TCAGAT,GTTGDT,CHGAAA,ACATRA,CATGWA,GAAAYK,TYTCCT,TTTKTA,ASAAWG,CGARWA,GCAADA,TAGWWT,GTGART,AAGTWG,ATCAHG,AGATMC,AGATRA,GTTCYC,TCCMAT,CTAYGT,AGCTCT,RCTGYA,TAAAKA,AWTCRT,TAARAC,GTADCA,GYWTAA,GCTGKG,TTGTBG,GSTTAC,ACAKTT,GAGGSC,RAGTGT,GACTGT,AKTAKA,TCGAGA,CCTYGA,CTGTVA,CAGGTC,TATGKG,TGTTVG,AGGAYA,GAMTCC,SAGAAT,GTTMGT,ATGTAY,TSGGTG,GCGGTC,GAATAA,MTGGGT,TGTCWG,GAATGT,TYCTAA,CGTGSC,ACGGWC,AACGGA,CMAGAC,CCGCGC,CTTCGA,TTCCKA,CCCATC,GGGACG,ATGTTA,AACAWG,GCATMT,GAAGSG,CAAGMA,TWCGTT,BGTGAG,ATCAYA,AYMGTG,AAAGRC,CMTAAG,AGTAYC,CGCGTG,TACCKR,TAGCRT,AAGGTM,TGTCGT,WCGATC,GMAAGC,TGAART,AACGTC,GCAGCW,GTCRCG,GTCRTA,AGACWA,GAGGYA,GTDTAT,ARTAGT,AARGGT,CGGTKG,RACAAT,CATCRC,TCGACG,AWGCGG,AGCGWG,CATCTG,AATTSA,GTCGGG,AADCAA,GGATRC,ATATYC,TCAARA,CAGTAC,WAGAGG,TGTAMC,AGAGMA,CAGTTG,GYGCAA,GCGTGG,TTCCTG,TTAAKA,STGCAT,CGHAAT,GATCKG,GTTGKA,CAGAGV,CGTTAA,MACAAA,TAGTKC,GACGTR,TYGTRT,TATCGA,GAASAT,WCCGAG,TRATAA,GTCGCT,GKGGGG,CCCGAT,TAGCAC,CGTAAC,ACGYTG,AGAACR,TGCCSG,TAAGTG,KACGGT,TACTAC,AAWCTT,GGCCWG,ARGTCC,TCAYAT,TGCWTA,GGCCAC,AGTCAC,CGTATG,GCGTCC,CTTAYA,GGACAA,GCCTAC,CCGAKA,AATCTC,TCAACT,AGAAAC,CGTTGT,ATCGCG,TTTTCC,GATRAT,AGTCGA,GGACGG,TCGCAA,TCGTGG,AGTTGK,AAYTTG,TGTGSA,GTCTAG,CGTGTA,GCGCAC,CRAGAT,CTGCCG,TGCAAC,CGAAAC,CTGCTA,GCGCCG,AGGCAT,AAACGC,GTGCCG,ATCTSC,GAAAAC,ATGGWA,TGYACG,CRAGCG,TTGGBC,AGGCTC,CATGCK,CRGCGA,AAACCG,TGGCAG,TGCATT,CGATCW,CGATAG,AYTTAT,TGCCGT,TCACCA,ACGAGT,AYAASC,CACATG,CGATGC,GTGCTT,GATCTA,ATTARG,CAAAGG,TTGAWG,CAATAG,AACYAT,GCAYAC,CGCAMG,ACWATA,AAAAGA,GCTAGW,GGGGAA,AAAATG,ACGGKA,ATTATT,TACGCG,ATCCGG,CWATGA,CTAAYK,CGGYAA,CACCAT,TTCTGG,TGGGKA,AAAGAG,AGATGG,GTACYT,CTAGYA,ACGGAT,TCTAAR,AGAGGT,TTGTWC,ACGGTG,TATGAA,GWGATA,TATGGT,TACTTG,GTDGAC,TWGGGG,AAGACR,GATGCS,TCTTGT,ATGGTC,TAACWC,ACTTTG,CTTAGT,GGCTYT,TGGTCA,GGGKCC,TTATYG,WATTGG,GCTCTT,TGATTC,CGAGAG,GTACGA,CATTTR,CCGGSC,CCGGCG,TATCTG,TCATAM,CKCCAA,CTCCAG,GTACCC,GGCATA,GAGAGC,GTCTGT,ATCCTT,GTCTTC,ATCTTA,GCACGT,CGAGTC,CGGTAT,GGTCCR,AATGMG,TCTGTW,AAATAC,CCAART,CTTTAG,WCCTAC,TCCTTG,CTGTWC,GGTCTC,ACGCAG,CTGTGG,CCAATG,ATGAMG,GCATAG,ATTTCT,CAAMTC,GACCCG,GGAAAC,GACCTA,ACGCCA,CCTACA,AGKGGG,GTCCAG,GGWAGA,GTCCGA,TGAAGC,GCCAAG,CATTCC,GGGCGT,CACGAA,GCCAGA,TACAAT,TACCCT,GCCATT,TAGACC,AATGCC,CCAKCA,GWTTGC,GAAGTC,AGACCC,CACGGG,GGATTG,TATAGR,TTAAAG,CACGTT,ACGTTT,TGTTSC,AGGGCM,GTTGTG,CGTTTG,AKTGAT,ATTCAA,GAGCAV,GATTAG,CCAGAG,TTGGGT,GGGCTA,AGTGAA,GTGAGA,TGGAWC,TGTGGK,TTGTGA,ATGCGH,ATAGAG,GGGTAG,AGTGTC,GTGTTG,TGTTGA,TGGAAA,GGTAAT,ATAGGC,GCGAAA,TGGATG,TKAGTG,TAATGA,ATTGAC,CAGCAS,TGAGYA,AGCAAG,TGCGAR,AGCACT,TGAGAT,TTTAST,TTACAT,ACCATY,CCATAT,AGGGTT,CATATA,GCGAGG,ACCACG,GCGACT,TTTATR,TWTAAC,ATATAA,TTAGTY,ATTGGT,GCAACS,GCAAAT,CAACCT,TAGGGC,TAGGTT,GTAATS,TAATTG",908.0,2704,,488464.0,0.33043172065904547,N/A,0
463,6,0,0,S_sobrinus,1949,1771498,44.69561007796672,53.35941716135996,"SCAMGA,GATGHA,AATGBA,GSAAHA,ATAGBM,AGAANT,CGCGNA,GTTART,AAGWHG,MAAAKA,AGACDA,GACGHA,TGTTDG,ATGABA,YYGTAT,SAAAAT,AATTBG,GCACDG,ARACAT,ATGTVC,ATTGNG,ATSRCG,GAACAT,TAATHK,GAGGBC,AAAGBG,TAGANA,YGCAMG,KWAATA,MGTTGG,KAGTAC,GSATAW,KGTGAG,ACMGYA,CATABT,GTGGMD,AGTGDT,GATCRT,TCAGHA,TAGGWT,CGAGYA,KAGACT,GTARYG,MCGAAT,ATAAHG,GCGCWT,ACACAG,CAGAVG,CGTABA,MGAAAG,TGTCCN,GGCCVA,CAGADT,MCCGAT,TGAADT,TMGGKG,AATMMC,ATTTDT,GATGMC,GCGAWA,TTCCTA,CACGRA,AAAYAA,CCCCYC,AACGYG,GRCAWA,KCCTKG,ATCTDT,CSGCAA,ARAMGC,ATATDG,AAGGGC,GATMSC,AKGTAA,GTTAGG,AGATMG,TGCGWA,CCCWGA,GAGGKT,AAGGTA,AGTCGN,AAGAKC,YAAAAC,CACSAT,ASTAGA,GAATMM,TDTRTG,GTTSRA,CCGTAA,KAGTGT,TYGAAG,AATAMT,TTTTKT,GTCGDG,GTGCKA,YCATAG,CGTAWG,AATASG,GACTST,AHGCAA,GSGGTT,GCTCWG,GCAAYG,GGAHTG,AAAACA,CACAGT,TCGTDA,AATGRC,TTYWTA,ATACGT,CTGTVA,KAGATC,GCGGGG,ATAAST,GATCWG,YAAACG,GGGTGG,AGATSA,ATTCWT,AACAWA,YTCTGT,ACAGGC,YMGCAT,CCGTGG,GTGTSC,GTCTAG,GTCTGT,CAACWC,GWCGCC,ATGTYG,GATKGT,TGAGMA,ATTAGA,GCATWG,TRACGC,ACGYGC,GMAAGC,GGCACC,CGWAKC,GAAAYG,TATDGG,CGCTKC,KGCGAT,TGTAKA,WCGCTG,CCTSGG,AACTWG,CACGGC,TGAGWG,YTAATT,TGCGAG,TGAAWC,GGGTCC,ACATWA,CAAYGA,CATTSA,GATAWT,ACTTGT,GGGTTT,CCTGGC,CAGGAG,TGTGMT,ACTAWT,AACTCA,AGGAAC,CCGATC,CGACWG,AWTCAA,GCGCKG,AACGKC,CAGGGA,ASGSCA,TGTTYA,YAAGAT,CAGGCT,AATYTA,CGCCTA,CTGMAA,ACTATA,GGGMTA,GCTTGA,ATTATG,AGTAMG,ATMATA,AGGGGT,GTACSY,TTGTSA,CATCWA,GACAWT,GCGGCA,TCATWT,ACGAWA,YGGTGA,ACTCCG,AGGGCC,ATCART,CTTGMT,GTTCAG,TGTGSA,GAATRT,TTATKG,CGGAAG,GTCCRA,CTTGTC,ATYTGC,CGCKGT,TTCTMG,TCTGTN,AGGTMT,AGGTKG,CGCTGG,ACCCGG,TCTGGC,CRTSGC,TTGCYA,AAATWC,TTGCAC,SGTGGG,ATCACC,TGACAC,AATGWG,GTTGRT,TTGCTG,GASTGA,TCCASG,GMAATT,GGAMGT,ATGCMG,CAGTAT,CACCAA,GGTGMA,TATARC,TGCTAM,TTAAAT,CTGGST,CKGGGA,TAAAGT,CTGGAC,GCAGAC,CTATAA,CGGGGG,GAGTCG,TAATMA,CAGTGG,TGGABG,AAAGWA,TTAATC,MGCATC,AGCGYA,CCTAAK,AGTGKC,AAATAG,CCCGCM,AGTAGT,TTTAGT,AATAKA,GSCCTG,CTAWTG,CCTCAA,CCGGYC,CGTGTA,GGGRCG,TRGTCG,STCAAC,TCTTTA,ATAGMG,GGTSGC,CAAWGG,TCCAGA,AAATGT,AAGTRA,GACACC,CCAGAA,TWAGAC,GGGSGT,GGACCA,CCCACT,ACAAWG,CAGAAA,CCGSAG,GACATG,AGTACC,GCGCAA,ACGTYG,TCWAAA,CTCAGA,AACAAG,GTGMAT,AGTCAC,GCAKCA,GTTTST,ATSGTA,AGAGRC,TTAGTG,TCAWCA,TCAAGG,CWTCGT,GGTCCG,YGCAAC,AGWGCA,ATCTMG,ACGTCT,TCTMGG,GGATGA,KGTTGT,CAATTT,CGTTTT,AYGGTC,GACGGC,ACCAAA,AACATT,TCTCGA,TTCGAT,GGCTMA,ATMGAC,AKAGGT,CTMGTC,CTAGTA,KAGCGC,MCATAC,GTTTGA,CTCGAT,TAGYAG,TTTGTA,TGCAAT,GAGCAC,CGAAAT,AATTTT,GAGCGT,CCACGT,ACATAT,TGATYG,AGCGAG,GATGAG,CATAGG,TGGAGT,AGGCTT,ACAAGM,CAGCCA,CCATGA,GTGAGA,GTCCCC,GCTGMA,AAGTWT,GAGGCA,CATCCG,AGACCC,ATGAAG,GTAKAW,ATAAGA,AAAGAC,GGGGAA,TAKAAT,TTTCAT,GCTGCG,TAGACC,GTTGGC,CTTTAG,GCTGTC,GACGCG,GCTTCC,GCTTTG,ACGTTA,ATAATC,TCCGAG,CAAGAG,GACTGG,TGGCGR,ACGAAC,TCCGGC,TCCGCA,CGAATA,CGGTTG,GTTGTG,CGGCCY,CTTTGC,CTTTTT,GAAAGT,GGCCTT,TTTTTC,TGTAAY,AGCAGM,TATCTT,GCAGTG,TATGAC,AGAATA,TTCAAA,TTCACG,TCATCG,GCGTAD,GAAACA,CGTAAT,GTAAGA,CAAGCC,GTGCAG,AGCAAT,TGCATA,AAAGTT,TGCCAT,GTATGC,CATGAA,CATGTT,ACTGAC,CGCAWA,AAACGD,AACGAA,AACGGT,GAGAAR,TATGCT,ACTGTT,GAAGTM,CTGTGG,CTGTCC,GCGAGS,TTGTYC,CGAGGG,CGATAD,ATTGAC,TGTCAG,TYGACA,GTATCA,TGCCCC,TCGAYC,CTGAAT,TGCCTG,CTGATG,GACCAC,TCGATW,TCGCAA,AAGAGA,TGTCGT,ATATTT,TTGAAA,GATAGA,GATATG,AGACTG,GTATTG,CGCGCT,ATTGGA,TGAAAG,TGAAGA,TTGATC,TAAGTD,AAGTGC,TATTGW,TTGGAT,TTGGCG,AAGACT,TGACCG,TGACTA,GAAGAG,GAAGCT,TTGTKG,TTGTGT,GTCGCW,GTCGTC,TCGCGC,TGTGCC,TGGGTC,GTGGGS,GTGGTT,TGGTAT,GGTATA",839.0,1949,,383130.0,0.3397248514625908,N/A,0
466,6,0,0,S_thermophilus,1844,1643346,39.70789028795255,51.860903212667374,"AAGTNG,GCAANA,AGACRW,TAATHG,ATTGDG,TTACTT,TGAADT,AWTTDT,AGCTAG,CGTADA,GAGGHA,GATADT,MAAAAC,TTGTDT,TGATHG,AATTBG,AATAMY,AGTGHA,TATTBG,ATAGHC,GCGCBG,GTAAVA,GATCDG,GTTCVA,GACAWT,TGTADA,ATAKWG,ATADKA,ATGCHA,AGCTTA,AAGGGC,CTGAMA,AGTTGG,GATGMC,TGCAVG,ACCCKG,TYTKTT,CGCGNA,GCTCWG,GCGTMG,GATTSA,AATRKA,GTGGNT,CCGTAA,CGTAWG,RCATAM,TGCAWT,ACAAWG,CATANT,CGATRA,WCMGCA,RAARTG,MGGAAG,TAAGWT,ATGCMG,CCCCCC,AACGKC,SGCAWA,SATCGC,TCGGKG,AAATDC,ATGTSC,ATGAYC,GAGGSC,ACTTTG,AAATRT,AGTGDT,SGCCAA,GAGGKT,TTCCKG,ASGSCA,CGTGRG,GTTTST,KASTGT,GTATRG,CATCWA,GAACAT,CAGAVG,CGGCMA,CGGRGG,GTRGSG,CARTAC,GCAART,TRTGAT,ATTTGG,GTCGDG,TAGAHT,AAACRC,ATACKT,TGACRC,MCGTGG,TAATMA,TCGGGC,TGGTBA,TCCWGG,CCGGYC,GGCASC,CAAABG,ATGTYG,CGCGST,AGATMG,GCGCWT,TGTTYA,CAAARA,TATRAC,TTTCWT,GATASC,TGTGWG,AAGCMA,GCGAWA,TGTCST,CGGKGA,GACGMA,GTACSC,CTGGMC,GTGAMT,AGGTAA,CACGRA,GGGGAC,GGTWAA,AWATGG,GTADAT,CTCTGT,CHATGA,CAGART,TTAGYG,GATYGT,ATCTMG,AGTAMG,TCTCGA,TATRGA,KGTCCG,GCGTRA,TATAKG,GCACRG,AACWAG,CTTAAA,ATAGRT,TCAGWA,TMAGTG,GAAGYC,ARAACT,CACSAT,CACCAA,GCATWG,CTAGWC,GGGRCG,CTTATG,CAACCG,GCACWA,CGAAKC,GTTAAT,GGGACA,TGCVTA,CACTAC,GGACKG,CCTCRT,GMCTGG,YTCGAT,AAAAYA,GAAAWT,CWGTAT,TTGCBA,TAAWKT,ACGAWG,AATGSC,AGAAWA,TGGAKG,SGATAT,GAAKAA,AGCCAA,GTGAKG,GCGGGG,WAAGTA,ATACGC,CTYGTC,GMTGGG,TAGTMG,AATAAG,TCAAMA,CGGCCC,RTGAGA,GWATCA,CAAAAT,CGTCSG,GTCCRA,TAGTAA,TTTDTA,CCTCAA,GCGGTT,GATAGA,AAGAYG,GGATTG,SACAGA,RTGTAA,GATATG,AGCGYA,GGGSGT,TAGASC,CATGKC,RGAAGT,GTCTTG,GKGTCC,GGCTMA,TATCWT,CGTCYA,AAGTST,ASAGCG,ATTRGA,CCGSAG,AATTAC,CGTGGC,CYGCAA,TAGAYA,AAGTAC,ATCAAT,GMTTGC,GTCCGG,TCGAYM,CGAGYA,TCCAGA,GATCTA,GCCAWC,CCAGAA,GCGCAA,CMGCAT,ACAGAA,ATCTGC,AGATSA,TTAAWT,GACGSC,CGACWG,ATAAYG,AKCAGC,GTTGRT,TCYGGC,ATCRCG,CCATAG,GTGCKA,GAGTAC,AGTAGW,GGAAAA,TGAGMA,CGACCA,TTAGAC,CATAMA,TTGCAC,TGARAG,CTTGMT,CGYAAT,GAGCRC,CKATTG,CCCGCM,TCCGAG,TGCCTG,ACGCAA,GCCTAA,AGTACC,GACACC,ATAACT,GTCAAC,AYTGAC,ATATTC,AAGTGA,TTGCTG,TCWAGG,GTAACG,TYGAAG,TGAAAC,AGACSC,CTTTWT,CGCTKC,GCTTCC,TGAAGA,TGCKAT,TTGATC,TCTAAA,AGGTCT,TCGATT,GSAATG,AGACTG,TCTGTA,GVCCAC,GCTTTG,CCCGAT,GGTCAA,TGCACA,GRTGCA,TARCGT,CGTGTA,TTTKTC,CWTTAG,AGGAAM,GGTSGC,TWGGTT,GTCATT,TAGGCC,CGCAGM,GGGCTA,CARTGG,TTATKG,CAGGAS,CCATGT,KAAACG,GAGAAG,TWTGTG,AATGGT,TSGTAT,AGGACG,TAACTG,CCTSGG,TYATTT,AGGGCC,CTGTAA,TWTTGT,AGGTTG,GAGATC,ACCAAA,TATTGA,ATGACG,CCWATG,TATTCC,AGTGCG,CTGGAG,CTAAKT,GGACGT,TTGTSG,TTGTGA,CAATTT,GCCACT,GCTGMA,ACGAAY,AAACGR,AGTGTC,TTCWTA,GTGTGC,ACACAS,CGCAAG,AACGAA,TAGCGC,TTCACG,CTGAGT,AATGTG,GACATA,CWGGGA,TACGTC,GAAAGC,CAGGCT,ACACGT,AAAGCC,AWTCAA,CATTCA,CACGGC,GGCCTK,GAAACA,GCAGYT,GGCCCA,CAAGAT,GCCCAT,AAACAT,AACATT,AGCAGT,AGCATA,AACGGT,CTTTGC,AGGCCG,AACGCG,AGGCTT,ACATTG,ATTCAG,TCAGCT,ATTCTT,GACGCG,AAGATC,TTAATM,GATGAG,TYGTTC,CGAAAT,TGATGC,CAGAAA,GGCGAT,GACTGA,CGTASC,CGTTGG,GCCTTG,ARTCGG,TTCTTT,ACGATA,ATGGCT,GTGTTG,GTAGAA,GGCTAG,AATCAC,CGGTGC,TAAAAC,TGTTKG,GCATAT,TAAATA,AAATCG,CAGCCA,GACTCT,ACGGTC,TGACWA,CGTTCA,GCAGAC,GTTCAG,CGCTGG,TGACCG,ACGTAM,GAGCGT,AGAGGY,AGTCGY,ATGGTA,ACGTCG,ACGTTT,TGGTAG,TGGCGA,TCATCA,TGTAMT,GCAGCA,CATGAA,ACAAGM,CGTTTT,CATGTT,GGGTGG,GTTTAA,GCTAGT,TGCTAM,CCCAAG,AGCGAG,GCTGTC,ACTGTD,CAAGCC,GTSGCA,CAAGTA,ACTCCR,TGCGAG,CCTAAT,CTCAAC,CTCAGA,TCGCSC,CCCACT,GTCGCT,CCACGA,GTCGTC,TCGCTG,TCGTGA,CTGTGG,TGTAAC,CCCATA,TGTACG,GTACCT,TGGGTS,BBAGCG,TGGGGA,GGGTTT,GGTTGT,GCGAGS,GTTGGA,GTTGTG,CCTGGC,CCCTGW,CCCTCG,TGTGCY,TGTGGA,GTGCAK",813.0,1844,,346277.0,0.3208183044210271,N/A,0
493,6,0,0,T_aquaticus,2410,2149452,68.35267727977886,64.25221989424324,"ATARVT,AGGCMA,CAAANA,AATGHD,AAAWNG,TGATNT,ATAGBR,CATAHW,AAAWDC,AGAAHG,AATAVT,GAAADY,AGTGDY,DAATRA,TAATWB,AAGHRA,ATGWVG,TKAAAT,AGAADA,GATGNA,TCAGHA,AATADA,TGAADA,YGTADA,RYGWAA,TAGTWB,TGACDT,TCTGBT,TCRTMA,CTAANA,WRAGTA,TRGAYA,TGAHRC,GAAAHG,CAATVW,AATCWB,AATTBA,ATAMDC,CTAGDT,SGATRA,ATATVG,GTAANA,ATAAHA,AACCDT,WGAAST,TTGTHT,CATGHG,HAGAAT,AGGTVT,CAGTNT,GAATVC,GAAGHA,GTCTVT,ACTGNA,GACGNA,AGACDC,ATGTBC,TATGDT,CCAGMA,AGTARB,AGGADA,CCACTA,RAAASA,TGTAHT,DAAGAC,ATGWKA,GTCABA,TAACDA,AATABC,YTCCAT,AGCAVT,AATGDC,MGKTAA,AAGTDS,GATAVK,AAAGHG,TTGAHG,AAAGDT,CTGAHA,RCGAKA,ATATBT,GTTADT,AGCCAT,TTGGDT,TTCMRA,RCAAWC,TGTGMA,TAARYG,GTAGVG,TNYTGT,TGTSRT,AASAVG,GSCAAT,AGTGHA,WCGTRG,KTGAMT,ARMGAA,TGGTBT,BGTCGA,GTGTDG,KCAART,YCSATA,CGAADM,CGTTBG,GAGTVA,KCRAAG,WTAATT,ACTCHA,YAAGMA,GTTTCT,GSTGWA,CAGCAT,CATAVG,GACGTG,CGCART,GAAKST,ATGCWA,KGAGGA,CCTKAT,GTAGHT,ATGGWC,ACGCCA,AATTSG,GAGART,ACATWA,CATGDA,STCCGA,ATCGWC,TAAAMT,ACGTRC,TAACWC,CGCGWA,ATCTSK,TAGGWT,TVGGTG,KGTTGG,GATCVC,ACTGWT,TCRGAT,MACAAY,GCTGTT,GGGMTA,ACTAKA,CCTAGT,ASCGAG,AARTST,TCGABT,AGMGCA,TMGGTA,MCATAC,CACTMA,YAAGTT,AGCAHA,CGTCKG,RGTMTA,GGTMAT,TCTAKG,SAAGTG,AYGATC,GTAAKT,TGTTSA,CCTGTC,CWGGAA,TGAGAC,CATADC,ATACSG,TTGTBG,YTYGAT,AATTYT,HGACTA,TGCRWA,GAGGWA,CATGKT,AYWCGT,GTCATC,GGWCTG,ARTTGC,GTCGMG,TGTRGG,CTATRA,TTATMT,GTCGWA,CTACAA,ATTTBT,GAGHAG,ACCAAA,CATTAW,GATAWA,ATGCST,CKCAAA,ATTAGG,CAAAWK,AAGGGA,ATTATA,TATGWA,AAGGTG,GCATRA,CGAGYA,GACTBT,GTATMG,ACTBTG,CATCAK,TATCAC,ACCGCA,GTCGGC,CTAGWA,GAACWC,GGCTAA,CCTCGA,CTMKTG,CGASTC,CAATSG,GWTACC,GAGAKA,GARGTC,TTTYTC,GGAAMA,CTGCRT,TCAYAC,TGAGGT,TATCTT,GRTGTC,TCGAKC,CSATGT,TCGAAA,GCCGAA,TCTCKA,ATGGYA,TAACST,GGTATG,AAACWT,TTTCTA,TCTGSA,CCAART,TTATAC,RACAAA,AGGGWA,MGTTGT,TGAGCA,ACKAAG,GARCAA,AGGACG,ATATGA,TATTKA,RAGCAT,CAAMTC,AAACSG,TRGATC,TKTGTG,TMGCAA,GTGCMT,AATCMA,GTGMTG,CCAAWA,TTCTGC,ATTGMA,TCCAWT,GGTGTT,CGAAAT,AGGTAC,GTTGKA,GCAAYG,ATATTC,TGGTYA,ATAGYC,GTGGMA,AACTYC,CTGGTC,CTGTWC,AAGMAC,GCAMTA,GTACRC,TGGCAG,ATKGGT,CCAATG,TAWARA,GTGAAC,TTRATA,GYATAT,GATCKG,TCGTMT,CTCATA,TGMTAA,GCACAC,TATAAC,GACTSA,AATAMG,CTGCAC,TATAGG,TACGKT,AAAGCC,ACGGWC,ATAAMG,AGCARC,TYGCTG,TGSTAC,TKGGTC,GGTTAC,TGATAG,GACART,GCATAG,CTAATK,ACAGKT,TGTCYG,CATAGT,GATTTA,CGRTAG,CGATCC,AAGCTR,GAATWG,CGTARC,GCTATA,AACGWC,ACTTGT,CCGAVT,CGTAAT,GWCTGG,TGGGAT,TGCACG,GGGATG,TAATCW,TGTAYC,GTATGC,CGTACA,ATTKAC,GGATMT,AKTTAG,AACTCR,AGCTCT,AACTAT,TGGGGA,GATCTT,CGGAAA,TATGKC,ACACAD,GTTAMA,GCTCAG,TTCTCG,TGTGCC,CGGAGC,TATTCC,CAGAWG,TCAYGT,AAAAAA,ATACCA,TGAMTG,CGYGGT,CACRTA,TSACAA,ACTAAT,ATGTAT,TTTASY,GGAART,CACGTT,CCATMA,CCATCT,ACGTYT,TATTTT,AYGTTG,ACTCGC,TAAAAC,RAAACT,ATAGAA,AATCGG,GTTCRT,CTGCTA,ATCAYG,ATCMAT,CTCCTT,TTYGTA,ATACTT,CATGAC,GCGCAC,GTTAAG,CTATGK,CATCTA,TATGCG,ATCAGA,WCAGAG,GTCTRA,ARTCCT,AAACGM,AGCTTG,TCWAAA,CTAAAC,AAGACW,GCAGTK,CTGTSA,GCAGCC,GACTCC,CAGTRG,CAGTTA,TYAATC,AATGGT,TAGATT,AGACAT,CACAAG,GTTCGA,TTACTG,TCAACT,GAAATA,TACTGC,ACTTTA,CACACT,GCGCGG,CGGATG,GTGGAT,TCTGTG,GCTTGA,GCTTTG,TCTTAW,TCCGAY,AGTAGA,CCGAGC,TGCCCA,CTTTGT,GTAGAC,GCCCTG,AGTACG,CAGAAM,TACTTG,ACACTC,CAACAG,GTAGTA,ACGGAW,GTACAT,ATCACC,AGAAKC,AGATMG,CAACGA,TGTTCT,AGATAC,TTGCGT,CACTAC,AGATGA,GTACGA,WACGGA,ACGGTG,CACTGT,TACAAT,TACACA,ACTGAC,CTGAAG,AACGAT,CTTGYC,TGCGTT,GAATCA,CTGACT,CTGTAT,CTGTCG,TAGTRA,TTAGTH,TAGYGT,GTCCAR,TAGTCC,TTGCCG,ATGAMT,ACAATK,TTAAGG,CAATAC,GTAATS,TGCCTG,CTTAAW,TTAGCG,TAAGAT,TAATGC,TTGTAC,ACAACC,CGTGTA,GTTGGK,GTTGAC,GACAAC,GACAGA,AGTCCA,AGTCTC,GACATG,GTCTCC,GTCTTG,TCTTGC,CTTGCT,TGGAAH,TGGATG,GGAAAG,GGATAC,GGATTG,GATAGC,TCGTGA,ATCGCK,ATCGTA,TCGTTC,GATGAK,GATGCC,ATGCGS",1067.0,2409,TO73_RS10970,258592.0,0.32264431692650125,N/A,0
470,6,0,0,V_parahaemolyticus,4543,4478117,46.34325598209822,53.31239131654232,"RACGRT,TAAVWT,NCATAA,GATCBG,CATANA,CAGMMG,WGTCKT,RAVAAT,ATATNG,TCCDTG,ATAANA,TAGANT,CCCYAA,AGAGVA,TAATRT,CATCAC,ATAGVA,AKAAAG,ACGART,GAAAHR,TADTGA,ATAGHG,CATCTA,GTAAHC,AAAAYH,GWTTST,AATAHC,GATGHA,ACCTCG,TTTTBT,GTAAMA,GATCSC,ACTCCT,RTAAAT,ATGANA,TGAGDA,GTWCAT,TTGANA,ATAABC,TATARA,GCGCBG,AGAWKA,GTGGBG,CGAADA,TGGGHA,SAACGA,ATTGVG,GGTADA,CACCCA,ACGTRA,TTGTBG,GGGCVT,AATADG,CCYTGA,AAATYR,AGACRC,GGTARC,CTAABA,TTATHT,GAGTSC,ATGTBG,CCRGCC,GCGTMG,CGTCAG,AAACMT,TATGKS,ARCAKA,GTGSAT,TGACWM,GCTCRG,YAGAGC,CATTKA,KCATAC,RGCCGT,GCCCAA,AAAGRC,AGTGHA,TTGWYC,KTCWTA,CGTCTC,CGCTAG,CCDCGT,CGAGHA,GTCGCG,GGAGAT,ACAGVT,GAGGMA,RTCAGA,GWMTGT,AGAAYT,KAAAAC,CGAGYC,KTTGWC,TAATKG,AGTTRT,CABTGG,GTTTWG,GTCGTT,TACGMG,GGAGTG,ATTARG,GGTTAG,GATTSA,ACTTRT,AWTSAA,GCTGRA,MGTGTT,GCGART,CCWCAG,CGTTKT,CTAAWG,TCGGMT,GCTGKT,TCGRGC,GCAAMT,TATAWT,CAACTT,TBTGTG,CYACTA,TACGAA,ARCAAC,CYGCAC,KATCTT,TAAAGA,GGGTRA,CTGCTA,CTACAT,TGATMT,MGAWTG,TTARKT,GTGAMT,AAGGTG,CCCAAG,GGGACA,CCTKAT,AATTRC,AACGMA,ACMATA,MTCATA,GGGGSG,GATAYA,TAGGYT,GGTAKG,AATTCG,GATRAT,GWAKAA,AAGTRA,CAAARA,TGTTGN,TAAACG,CATGMC,TCGRCA,GCGTWT,GTAGMG,ACTTKG,CGTAWC,CTCGTC,CGTTAA,ATATRC,GAGAWG,GGAAMA,AMAATG,AAAGAA,AAAGCG,AAGCKA,TGGGSC,GTGGRA,ASAAGC,ACGRAA,GTTAGT,AATCRT,ACKGTG,GAGGAC,ATATCT,TGAAKT,TAGGKC,TGCGMG,AGACGK,TTTTAG,GCGHAA,CGGATG,GTAGYT,TTGCKT,AGGTGT,GACTRG,GCCGAW,GAAGAT,TCAGGA,CAAAWT,ATGAMG,AGGTCA,ATDGGT,TAGSAA,GAGGGT,AAAAAC,TTTCKA,WGTGGG,CTGASA,CAATMA,AGGRAG,GCCGGG,CGAGAT,GTTGWA,AGTAWG,TGCTMA,ATCGYG,CCGAAT,ACAATT,TGACAT,CAGGAG,CSAAAT,ARGCTC,AGCTCT,AATASW,CAAACG,CTTATA,TTCTDG,AYTGAC,AMTGTA,AGCART,TGCWAC,TACAKG,ATGAAT,GCTCWT,GTATRG,GCAGAG,AGGAAA,KCATTG,GCTAAA,TGCACC,TDTAAC,TGAGRC,TTGGTT,GAGYAW,AAATRT,ATACMT,AKACTA,ATACAG,CGGCWA,AACAGG,GCAYGA,GTGTKC,ATCGKA,CAAATC,TGCGWA,WTGCTG,ATCGCT,AGTAGC,KATTGC,VAATAC,CSGTAA,CTCATT,TACCGT,CCGGCT,ACGGGT,CATTCC,TGTGRA,AGTTYA,GACTAA,AATGCT,ATGCGA,GACGTA,TTTAKT,WAGTTT,TMCATA,GTTGTG,AAACKG,CTGATG,GGTCWC,AGAGTS,TMTAGG,CTCCGC,TCGGTA,ACGGTC,AGTATA,TCRTAT,GTGGTY,AGCGAG,GWCCAT,CGGTMG,WCATAG,CATARK,ACCAAA,CTGGGA,GTCTCT,TABTTG,CCAAKA,CACGHA,GAAGTG,CCATAG,GTCTTG,TCGYGG,TGCATT,ATWATT,CAYGTT,ACCACG,TGAYCG,RTTTAA,CGAAAC,TGATKC,GGGKGT,GGGTAG,GGGTGC,WTTAGA,AGCGGC,GCRAGC,GCTTGA,GACCCG,TCGCGC,TGGAWC,ACCCGG,GACAST,GRGCAC,CCCGTG,CCGTGC,ATTTGT,TTARTG,AACTWT,TGMGAT,TTATTA,GAGAGT,AGGCTA,TTTAAG,GCTTTG,GCAGTA,TTAGAC,GATGGG,TTAGCG,CGTAAW,TGGACG,ACGTTT,CTCTCT,TCTCYT,CGCGST,ATAGAT,AACTTC,CTTGMT,GGCGGG,AAACGA,CAGTCG,CATAAC,AAGAYG,GGSGCA,GGGCTG,GAGATC,CAAGAT,TTGARG,TAACSG,TGGATA,GCGACG,GACAGA,AACGGC,GGYGTT,CAAGCA,GGTGTA,GGATCT,GGWCAT,CGTGAG,ACACAG,CGTGCC,ATAACG,ACACTC,TAACAC,GTGTTG,ATAGTC,GGATTG,TMCTAA,AGCGCA,TCGATG,AGATCG,CGCAYR,TTGTMT,ACTAKA,GGACAC,AATGTC,GGACGA,TGTAMT,GWCACC,TAATCA,GACATG,GCGGCC,CGAGCG,CGGCGG,TTCGAG,GTMACG,CTATAA,CTTTGH,GTAATG,TTTGTW,GCGCAT,ACGATM,ACGAAG,CGATCC,TCACGC,AATCAG,TGGTAG,ACATAT,ACATGA,TACTRT,ACTAAT,TAGGCG,ACTGTT,ATGTAA,TGGTCA,CTAGAG,TAAGWG,AAGAAM,CGGCCC,CGGCTT,AAGATT,GAATGM,GGCCAG,GGCCTA,TAAGCT,TAAGTA,CTAGGT,ATGTCT,ATGGGC,GATCCT,TAGAGA,ATGGTA,AAGTGT,AAGTCC,TTTGCG,TGGGGG,TAGCAT,TTGCCC,GATCTA,TGCCTG,GCCTAT,AGCAAA,GCCTGA,CCTGGG,AGCATC,AGTCCY,TCCTTT,TAGCGG,TGTAGA,GTTCCG,CTAGTA,TAGTGC,AGTGCG,TGTACC,TCTTGW,ATCTAS,ATCTTT,TGTGAG,CTGTTS,CTGTAA,CTTGAG,CTTGTC,GTACAG,TACAGC,GTACCC,GTGCGM,TTGACT,TTGTGA,TGTGGT,TGTTCG,GTGAAC,TGTTTA,GTGAGG,GTGATA,GAATAG,TCTGCA,TTTCTS,TTCTGC,TGAAAM,TGAATG,GAAACT",838.0,4543,,949006.0,0.3481614142869071,N/A,0
449,6,0,0,Y_pestis,3860,3743818,48.82803537548165,54.102895076525904,"AATWNG,AAAAHT,AKAAHT,RAAADC,CGGAHA,AGTWKA,CTCAWA,KAGGKT,TGTTSB,GAAAWD,RATAMT,ATATNG,GATGNA,ACGCDA,MCACAG,TAATVA,AGCAVW,YRTAAT,GACGHA,GAAGHG,TAAARH,CTATRA,ACGART,MGAGYG,GGGRGT,ATAAWV,GACCAT,AATAHC,ANAGCA,TTGAVA,GTAGDG,STGCTA,TAGTDG,TAGADT,CATANA,GCGAMA,TAATMT,MTGTHG,TAGGMT,CSGGCT,RAATAM,GGABTG,WAMTTG,AGATBG,TCCTDA,ACCAWA,ARAAGA,WGCATA,CWAGCA,AGCGVA,TTGTBG,GGCCHA,GCARRA,AGGTBT,GACCCG,AAAGVC,AATTRC,CGTTKT,GCAGAG,GCGCMA,GCATAN,MAGMAG,GCGAKC,WTAGGT,AATARA,AGAAWG,GATCBG,GTAART,TAACKG,GAGAMG,AMGTRA,ARTGWA,GGTAWA,AATCRT,TGAANA,GTAGMT,CGCSRA,MAGAGA,CCTCAT,AAAACA,GSRCAT,TCCYTG,AGABAA,GCSGAT,TGATRT,ATACYG,KGTAGK,KTCTAG,GAGART,AAAATG,ATCGBA,CTCAYT,TACTRY,TTTTBT,CGTARA,CTCTST,TGTCDT,TGTTDA,ATAGRA,GACAMA,ACATDG,CTGTMA,SGAAAR,ATCTKT,MACAKA,TAGGKC,WTGTAA,TAGTWT,AGGCYA,SATWGC,ATCKTG,ACACGT,CCTTTA,TTTCKA,CACATT,GATTST,GTTCYG,TGAAWT,GTAAYC,AACADG,CCAAWR,AACTWT,GAGAKC,TCAAGT,GAATWG,ACTCCT,TAAGWT,CAATMA,GGGGGG,GTGAVT,WACAAT,GGGGCA,TAGTSA,GAACGA,ATTAGA,GGGCST,TACKAA,SGGCTA,AGAGKT,AATWGT,AGTAMG,GTTTCT,CGGCCT,GGATMT,CAAAKA,CAGKAC,TAWMTT,TTGGDT,GCGTMG,TGGGYA,AGTRGC,WTAGCG,GCTTGA,TTTTWG,GCTTTG,TCGGMT,TWCGTT,GWRGAA,AGCGRC,ACCTAG,TATAAA,GGCTAT,AAATYA,CGTCST,TSGTGA,AAAGMG,GGCGYA,TAGSAA,ATTGMC,TTTGYG,TMTCAT,GCVAAT,AWTCAA,ACTTKT,CRAATC,AGGGTC,AAATGT,GTCCMT,CACGYA,CAATRG,GTCTWA,ATATYT,KAAGTA,AWGTCT,CTCRTG,TTCGAG,CTTTGA,CTCGTC,GCGCYG,GGGCTG,AAGTTC,GMTAAA,GTYGTM,CTCMGC,ATAKAC,TGTCGA,AGYTGT,TGACRC,CGATAA,ACGAWC,AMGAAA,CCAKAG,TGCCST,CYGCAA,GACART,GACATG,GTCAGA,ACGCYG,ATCAGT,ABTTGG,TTGAKG,AAATCG,GGCGAC,CTRGAG,GGTCMA,TAGCGG,CCTAAT,GASTGT,TATYGA,CGCTGT,TGTGDG,AGGAAA,AYGCAC,CTTTTT,GGAGCC,GTCCAA,AGAAGY,TTTTAC,CAACSA,CTCYTA,TWTAGG,AACGKG,ATGAAG,AAGASG,GAGCMT,AGGACT,ACTAWA,ATCATA,AMTGAC,CGCAMG,ACAATR,GCGACG,TGGAWM,AAGAAT,AAAGAA,TATCGC,CCTAGA,AAGGCG,AGWCGT,GGATGM,GTAGKC,ATCSCG,GTTGKG,TCATWC,GTCCGG,TGAGAT,ATGCKA,GACGYG,ACAAGC,TGAGGA,TGCAAA,GCKCAC,GAKATA,TAATRC,TTAATH,CGGASC,TTTAGA,CTAGTA,TGSACG,TCAGAK,GSGTAA,CAAGCC,CATKTA,GCYCTG,TAGAYA,AWACTT,TCAGTA,TAGACC,AAAGCT,AGAATA,TATTTT,CACTWG,GTATGK,TCCAWA,TGAAYG,AGAGCC,GCCCGT,CTGCGG,AWGCGT,CRGATG,ACGTGG,GGAAGT,ACGTTT,TCGAGA,ATTKGT,TTTGTT,GTTRAA,CGTAWC,GAATGT,GGCATW,TCGATT,AAGCAC,CAACTY,GAGTGA,AGTCTA,TGCGCG,ATTTCC,CGTMTG,GTAYCC,CGTGGS,CCCTGR,CCTGCA,GCCAAG,GTTAAT,TTAWGG,CGTAGT,ATAAGA,CTTAAT,TAAGGC,GTAATG,AGCAAG,RACTAA,CAAACG,GSTGTT,GACTAG,GTGGCG,ACTAAT,GAGCAM,GTGGTT,CGAAAT,KGGTAG,AGATAC,TAGGCG,TCCACG,CGAAGC,TGCGTA,TGCTMA,CGAATA,CAGAGT,GCTGTA,GTCGGG,CTAAAG,ATAGAT,GTACAT,CTAACT,CTAATA,AATGGT,CGAGAT,TCGGAC,GCTCAT,TTGCTK,GAAACY,TCTTRA,CTTATA,GTTGAC,GAGTCC,TCATAA,GTTGGT,CCGAKA,TACATA,TCTGWA,TTGCCC,AATGCG,AATGTC,GTCGCA,GGTCKC,ATGGWA,ACTGTK,CCAGAA,ATGGGC,TTGACT,AAACGS,GAAAGA,TGCCAC,AAACAA,TGCCTG,TCTGGT,GCCAGA,CGATCC,CCAGGT,CTGAAT,CGATTG,GTCGTT,TATGAC,CCGAGC,AACGCA,CTGACA,TGWAAC,ATCCAT,TCATGT,TCGTGG,TCATTG,CGAGCA,TCGTCT,TAACTC,CGAGTC,ATTGGR,TCGCAA,TCGCGC,ACGGAA,CATAAC,TCTGTC,CTGTTC,GTCTCT,ACGGGT,TGTAAG,TGTAGA,GCACGA,ACGGTC,ACATAW,GGGTCM,TGTACT,GGGTGT,CGCAWC,GGTGAC,CGGTRG,CGGTAA,GGTAAC,GGTATG,GTATAA,TTGWTC,CCGCGT,TGATCG,GATCCT,GCACTC,ATAACC,GCAAAC,CGCAAT,GTGTKC,TGTGAA,CGCATA,GCATTG,TTTCTS,CATTCC,TTTCAT,GTGAAC,CATAGG,CATACT,TTCTYR,CTTGAT,GTGTAT,GTGTTG,TCCGAG,TCCGCA,TCTCCW,TCTTAS,TCTTGT,CTTGTC,TTGTGA",837.0,3860,,769680.0,0.3300748362956033,N/A,0
