nsites,sites,objval,status,runtime,code,rollout_objval,rollout_runtime,rollout_code
1,GATC,32.94436251225966,OPTIMAL,0.004336118698120117,HHNNHDDHDDHDDHDDBDND,32.94436251225964,0.665313451,NNNDDDDDDDDDDDDDDDDD
2,"ATGCAT,CTCGAG",35.434587507932726,OPTIMAL,0.26067090034484863,NNNDNHVVBNNBDHHVNBNN,35.264662506490396,1.208749912,NNNNBBBBNHHNNHMVNHNN
3,"GGCC,GANTC,CCSGG",36.26466250649041,OPTIMAL,0.0037620067596435547,NHNHNHNHNHNHNHNHNNDN,32.77443751081732,0.745095653,NNNDWDDDNDDDDDDDDDDD
4,"CACGTG,GCCGGC,CCGCGG,GRGCYC",36.26466250649042,OPTIMAL,0.1440601348876953,NNDDNDNNNHNHHHNNHHNN,35.0,1.227870809,NNNNNWWNNNNNWWNNNNNW
5,"CGGCCR,GGTGA,GGCC,AGCT,CGATCG",32.43458750793272,OPTIMAL,0.3302490711212158,NHNDDWHHNDDWHHNWNDDN,30.509775004326933,1.397392649,NHNNRNRBRBWHNNRNRBRB
6,"CCGCGG,C,CTGCAG,GACGC,CTGGAG,GATC",20.0,OPTIMAL,0.005307912826538086,WWWWWWWWWWWWWWWWWWWW,20.0,0.616825287,WWWWWWWWWWWWWWWWWWWW
7,"CTGCAG,CAGRAG,TTTAAA,GATC,CCGG,GGCGCC,GGCC",32.604512509375034,OPTIMAL,0.2770850658416748,NHVHVHVHVHNWNDBDNKDN,29.509775004326933,1.811666222,NNNWDTNNBWNTHNBHDTNN
8,"ACCGGT,CCGCGG,CCGG,GGTACC,GCGGCCGC,GGCC,CTGCAG,TCTAGA",34.189475010096196,OPTIMAL,0.41866612434387207,NHVHNHVHNHVHNHNHHHHN,33.60451250937501,3.493521497,NNNWHDBDNDBDNDBDNDBD
9,"GGYRCC,TTCGAA,CCGCGG,CTGCAG,GTNAC,CTGCAG,GGWCC,AGGAAT,GAATTC",33.434587507932726,OPTIMAL,6.35651707649231,NDNNBRBNHNRBBHHVNBHN,29.84962500721155,1.883564464,NNHNDKDKNDDGNDVRDSDD
10,"AATT,CCGCGG,GATNNNNATC,CCGC,ATCGAT,GGATC,CTGCAG,CACGTG,TGGCCA,GACNNNNNGTC",30.60451250937503,OPTIMAL,6.029540061950684,BNBWBDBWBDBWBDBWNDVN,28.339850002884624,3.756427779,NNNAVNVWRVNANRVNANRN
11,"TCGCGA,RGCGCY,CCGCGG,GTAC,GGTNACC,ACNGT,GGWCC,GRGCYC,GANTC,GDGCHC,GCAGC",32.94436251225966,OPTIMAL,0.015182018280029297,NNNDDDDDDDDDDDDDDDDD,31.604512509375013,2.827287668,NNNDRRNDDRDDDDDDDDDD
12,"GTMKAC,ATCGAT,GGCC,CTCGAG,CTNAG,TCCGGA,GATC,CGATCG,GCCGGC,CTTCGAG,GACGAG,GTCGAC",32.604512509375034,OPTIMAL,0.4178338050842285,NNHWWNHVHVHVHNDBDBDN,31.359400011538483,2.170536827,NNDDWWDDDDDDDDDDDDDD
13,"CTCTTC,TTCGAA,CCSGG,CCGCGG,GGCC,ACTGGG,TCCGGA,CTGCAG,TCNNGA,GTAC,GCTNAGC,AACGTT,TTCGAA",31.67970000576925,OPTIMAL,5.721508979797363,NNNWWDNHWDNHWDNHWDNH,29.67970000576924,2.273024928,NNDDWWDNHDRYDWVWNWND
14,"GGCC,GGTACC,CTAG,ATCGAT,GGNCC,ACNGT,ATCGAT,C,ACTGGG,AGTACT,CCCGGG,CCGG,GAACNNNNNNTAC,GTTAAC",20.0,OPTIMAL,0.008285999298095703,WWWWWWWWWWWWWWWWWWWW,20.0,2.52546346,WWWWWWWWWWWWWWWWWWWW
15,"GGNCC,GGTCTC,CCWGG,GGTGA,TCGA,RGATCY,GGTCTC,GGGAC,GGWCC,ACGGC,GATC,CCWGG,AGCT,CTRYAG,AGGCCT",30.754887502163474,OPTIMAL,3.4575657844543457,HNWNWNWNWNWNWNWNWDDN,25.509775004326933,1.794112798,NDNRKDKKBKKBKKBKKBKK
16,"TCGA,ACTGG,CTGCAG,TCNGA,TCNGA,CTGCAG,CCWGG,GGNCC,GGNCC,CCGCGG,GCATC,TTCGAA,GCGGCCGC,GWGCWC,C,CTTAAG",20.0,OPTIMAL,0.008257150650024414,WWWWWWWWWWWWWWWWWWWW,20.0,2.396222491,WWWWWWWWWWWWWWWWWWWW
17,"CTRYAG,GGNNCC,ACNGT,ACNNNNGTAYC,YGGCCR,GCAGC,TGCA,CAGCTG,CGCG,GRGCYC,GCNGC,CCGCGG,CCSGG,GATATC,GATC,RGATCY,GAAGAC",32.52932501298081,OPTIMAL,0.07308220863342285,HHHHHHHHHHHHHHHHHHNN,26.67970000576924,5.518718494,NNNTDAVNNAHWHDHYDAND
18,"TGCA,AGTACT,GCNGC,TCGA,GTATAC,CCWGG,GGATCC,CCDG,ATCGAT,TGCA,GATC,GGNCC,CCNGG,GATC,RAATTY,GATC,CTTGAG,CCGCGG",31.69925001442313,OPTIMAL,0.37192487716674805,HHHHHHHHHHHHHHHHHHHH,27.264662506490403,2.292019296,NNBTHDBYBTHNBYYWHHNY
19,"CCGG,CGCG,GACGAG,GATC,RGATCY,TGTACA,CCGGNAG,GGNCC,CCGCGG,GTATNAC,GGCC,ATCGAT,CTGCAG,GGCC,GTAC,TCCGGA,CCTNAGG,GGWCC,CCGG",32.3594000115385,OPTIMAL,0.49661803245544434,HHHHHHHHHHHHHHHHWNNN,31.604512509375013,2.952081889,NNNWDDWDDNDKDDDDDDDD
20,"CTCGAG,GWGCWC,GGTNACC,CACGTG,CTYRAG,CCWGG,GAATGC,GCNGC,GTGCAC,GRGCYC,GATC,TGATCA,GGWCC,ATCGAC,CGATCG,GTGCAC,GATC,GATC,TACGTA,GATC",32.52932501298081,OPTIMAL,0.37903809547424316,HHHHHHHHHHHHHHHHHHNN,30.01955000865386,2.91846527,NNDDWWWNDDKDWDDDDDDD
1,CYCGRG,40.0,OPTIMAL,0.0011088848114013672,NNNNNNNNNNNNNNNNNNNN,36.67970000576924,0.954632372,NNNNNHHNNHHNNHHNNHHN
2,"GGCC,CCSGG",36.26466250649041,OPTIMAL,0.0031130313873291016,NHNHNHNHNHNHNHNHNNDN,35.67970000576924,0.827107675,NNNDHDNNDNWNNNDHDNND
3,"GGNCC,CCTAGG,CTCGAG",36.679700005769256,OPTIMAL,0.007030963897705078,NNNDNHNDNHNDNHDNHNNN,35.09473750504809,1.307433768,NNNNDHWNNNHDHHNNNHWN
4,"GATNNNNATC,RGCGCY,CCTNAGG,GACNNNNNGTC",40.0,OPTIMAL,0.0021800994873046875,NNNNNNNNNNNNNNNNNNNN,33.60451250937501,2.140416097,NNNNDDHHNDDDWDDDNDDD
5,"CCYGA,CAGCTG,GAAGGC,TCATGA,CTCTTC",33.50977500432693,OPTIMAL,5.878677129745483,NNBNSNVNDWWHNBNSNVNN,32.09473750504809,1.616690274,NNNHNTDKNNNHWWDBNNHD
6,"GATC,CTGCAG,GGTNACC,AGGCCT,ATCGAT,YATR",32.77443751081735,OPTIMAL,0.17145991325378418,NHVHVHNWNDBDBDBDHDDN,31.189475010096167,2.002667027,NNVSNMVVRVVVVVVVVVVV
7,"GGCC,GATC,GGWCC,CCWGG,GGCC,CTTAAG,CCANNNNNTGG",32.94436251225966,OPTIMAL,0.010149955749511719,NHVHVHVHVHVHVHVHVNND,31.264662506490396,2.182657139,NNNDWWWHNNHDWHWHNHHD
8,"GTAC,CTGCAG,TTCGAA,CCGCGG,AAGCTT,GGTACC,GGWCC,ACCNNNNNNGGT",32.52932501298082,OPTIMAL,0.8078210353851318,NVNDDDDDDDDDDDDDDDDD,31.094737505048087,2.785909636,NNNDDKNDRKNRDNDRDNDR
9,"CCWGG,GGNCC,CCATC,CCGCGG,GGATCC,TTCGAA,CGGWCCG,CYCGRG,GATC",32.43458750793272,OPTIMAL,0.20058393478393555,NNVVBWVNVBWVNBWVBBNN,30.92481250360578,2.422907091,NNNWDWVNNKWHWNNNTDHN
10,"YGGCCR,GGWCC,GGCC,CGATCG,GGNCC,GCCGGC,CAGCTG,GGGAC,CCGCAT,GCAGC",33.43458750793272,OPTIMAL,1.7904489040374756,NNNDDWDHNHWHHHHHHNNN,32.94436251225964,1.574954694,NNNDDDDDDDDDDDDDDDDD
11,"AGGCCT,CTCTTC,CTNAG,GGCC,CGATCG,GTCGAC,GTTAAC,GGGCCC,CTGGAG,CCWGG,GGWCC",32.359400011538504,OPTIMAL,10.761587142944336,NHVHVHNWNDBDBDBDBDBD,31.509775004326933,1.637823845,NNNDHWWDWNNNWHWWDHNN
12,"CTGAAG,TCGCGA,GATATC,GRCGYC,CCGCGG,GTCGAC,CTGCAG,GAGGAG,CGCG,CCCAGC,GCCGGC,CTGCAG",32.67970000576925,OPTIMAL,4.122208118438721,NNNHHWWDNNDBWHWNDNHN,32.50977500432693,2.057459679,NNNHHWWDNNNHWWDDNNNW
13,"GGATCC,ATCGAT,CYCGRG,GTGCAG,CAGCTG,CCANNNNNNTGG,CTGCAG,GCNGC,GGNCC,CGGCCG,GTYRAC,CGATCG,GATC",32.604512509375034,OPTIMAL,0.40079498291015625,NNNWDDVVBDNDWDDVVBDN,31.094737505048087,4.164502627,NNNDDADDNRNRHDWNDNRN
14,"CYCGRG,TCGA,CCATGG,CCGCGG,GANTC,GANTC,CTGCAG,GATC,CCWGG,TGATCA,GGCC,CCWGG,CTGCAG,GCNGC",32.114287513701974,OPTIMAL,0.05823993682861328,NDDDDDDDDDDDDDDDDDDD,28.094737505048094,1.948050218,NNHDTDHNKKHDTDNNKKWN
15,"GGWCC,GATATC,GAYNNNNNVTC,CGATCG,GGGCCC,CCWGG,AAGCTT,RGGWCCY,GGATC,AGTACT,GGTNACC,GCGTA,CCTNNNNNAGG,GRGCYC,RCCGAAG",32.52932501298082,OPTIMAL,5.7227959632873535,NNHHDDDDDDDDDDDDDDDD,28.094737505048087,5.691613735,NNNDTKNNDKTDDNDDTDNR
16,"CCGG,GACGC,CCGCGG,GAGCTC,GGCC,GGCC,ACNGT,CCNNGG,GCNNGC,GGTACC,GTAC,CTGCAG,GCAGC,GAAGA,CACGTG,ACNGT",31.16992500144231,OPTIMAL,4.0971620082855225,NNNWWWNNNWWWNNNWWDBN,29.77443751081733,2.783171424,NDDDKBDDDKBDDDKBDDDK
17,"CCWGG,CGTCTC,GGNCC,GTCGAC,ATCGAT,GACNNNGTC,GATATC,GGCC,CCCAAG,GTCGAC,GCTCTTC,GCGC,CCGCGG,GGWCC,CTNAG,GACGTC,GGCC",31.94436251225966,OPTIMAL,12.597831010818481,HHHHHHHHHHHHHHWHHHNN,28.92481250360578,3.993096892,NNNDWAHDNNWRHWNNWRHW
18,"GGTACC,GGCC,ACTAGT,GAAGAC,GGATCC,TGATCA,ATCGAT,CCGCGG,GTCGAC,CTCGAG,GAAGAC,CATG,CCCGCAG,GGCC,GGCC,GCCRAG,CGCG,GATATC",31.69925001442313,OPTIMAL,3.5908560752868652,HHHHHHHHHHHHHHHHHHHH,28.094737505048087,3.126179117,NNNWHTDWNNBWVANHBWVM
19,"CCGCGG,TTCGAA,RGGNCCY,ATCGAT,GGWCC,CTAG,CCGCGG,RCATGY,GRGCYC,TCGA,CTCTTC,CTAG,GGYRCC,ATCGAT,GATC,TCCGGA,CCGCGG,ATCGAT,CCWGG",32.114287513701974,OPTIMAL,0.04029989242553711,NDBDBDBDBDBDBDBDBDBD,28.264662506490396,3.072380212,NNNTDANDNWDWHDBHHWHW
20,"GGCC,CTAG,TGATCA,CCATGG,CCWGG,CTGCAG,GACNNNNNGTC,GATC,GCCGGC,GACGAG,CTRYAG,CAGCTG,GGATCC,CCGCGG,TGCA,GGTGA,ATCGAT,GATATC,GGTCTC,GTSAC",30.339850002884624,OPTIMAL,7.4070940017700195,HVWNWNWNWNWNWNWDWNDN,26.92481250360578,5.061748369,NNNTWHDWHDWANNNTDYKN
1,ACCTGC,36.339850002884624,OPTIMAL,0.053125858306884766,NNNNHNWNDNNHNWNDNNNN,35.434587507932704,1.248007698,NNNNHHHNDDDNNNHHHNDD
2,"CCGCGG,CTGCAG",36.26466250649041,OPTIMAL,0.008954048156738281,NNDHNHNNDHNHNNNHHHNN,36.264662506490396,1.057971715,NNNNNHHHNNNHHHNNNHHH
3,"GGCC,TCCGGA,TCGA",32.77443751081735,OPTIMAL,0.11132287979125977,NDDDDDNWNHHHHHHHHHHN,32.52932501298079,0.929876883,NNDBDBDBDBDBDBDBDBDB
4,"GGCGCC,AAGCTT,CCNNNNNNNGG,ATCGAT",34.849625007211564,OPTIMAL,0.564216136932373,NBNNBWNNNHVBDVNDDDNN,33.264662506490396,1.987476558,NNNNDVRNRNWVHNVNVVDV
5,"CTCGAG,GATC,GATC,AGTACT,CGATCG",32.94436251225966,OPTIMAL,0.013614177703857422,NBHHDBBBHHDHHDNHDDND,32.77443751081732,1.096017863,NNNDDWDDNDDDDDDDDDDD
6,"CCGCGG,GAAGA,GGCC,RCCGGY,CTGCAG,CGATCG",32.77443751081735,OPTIMAL,2.0033071041107178,NHVHVHVHVHVHNWNDBDND,30.264662506490396,1.235206279,NNNWDKBDNDBTNDNDBTND
7,"AAGCTT,YATR,CCWGG,TCGA,C,GCNGC,GWGCWC",20.0,OPTIMAL,0.004001140594482422,WWWWWWWWWWWWWWWWWWWW,11.0,0.578601544,WWWTTWWTTWWTTWWTTWWT
8,"CGGCCG,CCSGG,AGGCCT,GGNCC,GATATC,ATTTAAAT,GGATCC,CTNAG",34.434587507932726,OPTIMAL,0.956974983215332,NHNNNDBDSHVHNNNDBDND,31.509775004326933,2.237118855,NNNVWWNWDBNDBWHKNNWN
9,"GGGAC,CYCGRG,CTNAG,GCGATCGC,GACNNNNNGTC,GKGCMC,GGGAC,CTCGAG,GGCC",35.01955000865388,OPTIMAL,0.06472897529602051,NNDHDNHDNHDNHDNHDHNN,31.094737505048087,2.896563918,NNNDWWHHNNWHHWNHHNWW
10,"TGCGCA,GGATC,ACCGGT,TCGA,CTGCAG,GGWCC,GACNNNGTC,GATC,RGATCY,CCGCGG",32.114287513701974,OPTIMAL,0.07837390899658203,HHHHHHHHHHHHHHHHHHNB,28.67970000576924,2.381032861,NNNKKVDTDNHDKVHWDNNT
11,"GATC,ATCGAT,CCNGG,AAGCTT,GGWCC,RGCGCY,CCGG,CACCAC,GGTNACC,AGTACT,GGCC",31.50977500432694,OPTIMAL,4.951037168502808,NNNWDWNWNWNWBDBWHDNN,30.339850002884624,2.103256975,NNNWDWNDNANRNDRVRNRN
12,"GGTCTC,CCCGGG,GCGCGC,GGWCC,CCGCGG,CGCG,GAATTC,CAGCTG,GGNCC,GTCGAC,TCNGA,GGCC",33.43458750793273,OPTIMAL,1.847100019454956,HHHNHHHNWNNNWNDDDNDD,31.84962500721155,1.913149219,NNNWNKDKDDNDDKDDDNDD
13,"CCNNGG,CGTACG,GCCGGC,CACGTC,GGATCC,CCGCGG,CCGCGG,GACNNNNNGTC,GGTACC,CYCGRG,GCGC,ATCGAT,GATC",32.52932501298082,OPTIMAL,0.8598299026489258,NNDDDDDDDDDDDDDDDDDD,29.84962500721155,4.142930553,NNNDDANWNDDANWDDDDDD
14,"GGATCC,ATCGAT,CCNGG,GGCC,GACGAG,GTCGAC,GACGTC,CYCGRG,GGNCC,CCSGG,TGATCA,GATC,CTNAG,CRTTAA",32.77443751081735,OPTIMAL,0.1884620189666748,HNNHWDHVHVHVHVHNDBDN,27.92481250360578,4.161434864,NNVRHANVNWRYNNBWTDYN
15,"GATNNNNATC,CCTNAGG,GGNCC,RCCGGY,GATCAG,CTGCAG,GGYRCC,AGCT,RGGWCCY,GAYNNNNNRTC,GATC,CCWGG,GRCGYC,CCCGGG,GAWTC",32.52932501298082,OPTIMAL,0.018273115158081055,NNDDDDDDDDDDDDDDDDDD,30.169925001442312,4.551145844,NNNRHRHRNRNRNRNRNRNR
16,"CYCGRG,CCGCGG,GGTCTC,WCCGGW,GGTCTC,GGATCC,TTCGAA,CYCGRG,GCANNNNNTGC,CTGCAG,CTGCAG,ACGGC,CTGGAG,GATATC,CTGCAG,AGGCCT",32.18947501009619,OPTIMAL,16.408282041549683,NNDWDDDDDDDDDDDRNDND,30.60451250937502,4.447013663,NBDNWWDDDNDDKDHDDKDH
17,"GGATCC,YGGCCR,CCNGG,GDGCHC,YGGCCR,GTAC,GATC,CGCCGGCG,CCTNAGG,CGGCCG,TACGAG,TGATCA,CCWGG,ATGCAT,CTNAG,TGATCA,GCATGC",32.52932501298082,OPTIMAL,0.4849119186401367,NNDDDDDDDDDDDDDDDDDD,28.92481250360578,3.014178648,NNNDWTDNNRWWDNNRAHDN
18,"CTNAG,CTGCAG,CCWGG,CCWGG,CTAG,CCGCGG,GAAGAC,C,GTYRAC,GTYGGAG,CTNAG,CCGCGG,GCWGC,CTGCAG,CTRYAG,GCATGC,GACGTC,GGCC",20.0,OPTIMAL,0.006693124771118164,WWWWWWWWWWWWWWWWWWWW,20.0,1.525978582,WWWWWWWWWWWWWWWWWWWW
19,"GGNCC,AAAAGRG,GATC,CCWGG,CAGCTG,GANTC,CCGGAG,GACNNNNNGTC,GGWCC,TCNNGA,GATC,GGNCC,CACGAG,CTNAG,CCWGG,CTGCAG,TCNNGA,GATC,GGNCC",32.77443751081734,OPTIMAL,0.24289798736572266,HHHHHHHHHHHHHNHHWNNN,28.339850002884624,4.879372809,NNNDWWANNHWWWMNNMHWD
20,"CGCG,ACNGT,GGCC,GCTNAGC,GGCC,TTTAAA,CCTTC,GTGCAC,GGNCC,ATCGAT,GGNNCC,GATATC,GRGCYC,GGWCC,CCTNAGG,CCNGG,CGATCG,GGCGCC,RTGCGCAY,TCCGGA",30.434587507932722,OPTIMAL,99.05509996414185,NNDSWDNHWSHVHHWDDBDN,28.264662506490396,4.074735075,NNVWNAHDHWBMHBWWDYDN
1,CCWGG,40.0,OPTIMAL,0.0009829998016357422,NNNNNNNNNNNNNNNNNNNN,36.67970000576924,0.804836427,NNNNHNHNHNHNHNHNHNHN
2,"GWGCWC,ATCGAT",36.679700005769256,OPTIMAL,0.005525112152099609,NNNNBBNVVNNNBNVVVNNN,34.09473750504809,0.870428999,NNNNNRRVNDDNNDRVNDDN
3,"GGCCNNNNNGGCC,TGAAC,GGWCC",35.01955000865388,OPTIMAL,0.006953001022338867,NNVBVBNVBNVBNVBNVBNN,32.16992500144231,2.391130441,NNNNKNKNKDNKNKDNKNKN
4,"GACNNNNNGTC,GATATC,AGGCCT,GCCCAT",33.849625007211564,OPTIMAL,2.975799083709717,NHNNBWVNNDBWVNNDNDDD,33.01955000865386,1.991639662,NNNNNRRDDNDDDDDDDDDD
5,"GCCGAG,CACGTG,CAYNNNNNCTC,GGYRCC,AAGCTT",34.434587507932726,OPTIMAL,2.1130850315093994,NBNNHHNDWHNDDDDDNNVN,33.264662506490396,4.465018212,NNHHNDWHNDDNNRDHNRNH
6,"ACCGGT,GGNCC,CTGCAG,CCTTC,TCCGGA,RGCGCY",34.18947501009619,OPTIMAL,0.30899500846862793,NNDHDHNDHDHDHNDHDHNN,32.67970000576924,1.675396533,NNNNWWDHNDHDWNNHNWDD
7,"TCNGA,CTNAG,CCWGG,CAGCTG,GTCGAC,CCTNNNNNAGG,C",20.0,OPTIMAL,0.0032739639282226562,WWWWWWWWWWWWWWWWWWWW,20.0,2.091969363,WWWWWWWWWWWWWWWWWWWW
8,"GGTACC,GGCC,CCWGG,GATC,GATC,TCGA,TTCGAA,CGCAGCG",32.114287513701974,OPTIMAL,0.14491796493530273,NVHDDDDDDDDDDDDDDDDD,29.84962500721155,2.452629181,NNHDTNHHDYNBBTNWNDBD
9,"CCWGG,CCWGG,GAAABCC,CAGCTG,GGATCC,GGATG,CGCG,CTGCAG,CCCGC",33.26466250649041,OPTIMAL,1.0403430461883545,NNNHWHDNHDWDNHDWDNNN,31.264662506490396,2.124060532,NNNHWHDDDNHWWDDNNHWW
10,"GGTACC,TCNGA,ACTAGT,TGATCA,CGTACG,GCATGC,GATC,TCGCGA,CYCGRG,CGRYCG",32.52932501298082,OPTIMAL,1.794874906539917,NHHDHHDHHDHHDHHDHHDN,31.434587507932704,1.571864456,NNDDKRNDDDRNDDDRNDDD
11,"CCNGG,CGGCCG,CGATCG,CACGTG,TCTAGA,CCNGG,GATC,TCNGA,GATC,CTCGAG,CAGCTG",32.604512509375034,OPTIMAL,1.999804973602295,NNBDHWDHVNBDHWDHVNVN,29.509775004326933,1.776069611,NNNWDTNNNKTHNNBTHNBB
12,"GTAC,ACCGGT,CCWGG,CTGCAG,GCNGC,CAGCTG,GTTAAC,GGATCC,GGCC,GTSAC,GGCC,GACNNNGTC",32.77443751081735,OPTIMAL,0.04647517204284668,HHHHHHHNHBHBHNWNDVDN,32.35940001153848,2.363052723,NNNDWDDDDDDDDDDDDDDD
13,"GGATCC,RGATCY,GAANNNNTTC,ATCGAT,GGWCC,CCNGG,CCWGG,GTATAC,CCTGCAGG,GACNNNNNGTC,GCGATCGC,CAYNNNNNCTC,GACNNNGTC",34.67970000576925,OPTIMAL,0.45960092544555664,NNNNBKNVHHDBBNMVNNNN,29.339850002884624,3.98516119,NNNNWRWNDDANDWRNNWDW
14,"GGCC,CGGCCG,CTCGAG,GATC,GGCC,CCGCGG,CTGCAG,YCCGSS,RTCAGG,GKAAYG,CGTACG,CTCGAG,GCWGC,GGCC",32.77443751081734,OPTIMAL,0.03802609443664551,HHHHHHHHHHHHHNHHWNNN,29.43458750793271,2.120615831,NNDDDADWHDNHDWHWDHNW
15,"CAGCTG,GKGCMC,CTGAAG,TGCGCA,GTSAC,GCATGC,GCCGGC,CCGCGG,CYCGRG,GATC,GGCC,GGNNCC,ATCGAT,CCWWGG,GCCGGC",32.01955000865387,OPTIMAL,2.3896238803863525,NVNDDKDNDDDKDNDDKDND,31.189475010096167,2.155232746,NNNWDWDWDDDDDDDDDDDD
16,"CCCGGG,CTCGAG,CTCGAG,GGTACC,TGGCCA,CYCGRG,ATCGAT,CCGCGG,GRCGYC,CCGCGG,GTCTC,CC,CGGCCG,CYCGRG,GGTCTC,CCWGG",29.849625007211568,OPTIMAL,0.3055860996246338,DHDHWNWNWDHWNWNWDHDH,28.264662506490396,2.353643464,NWNWDHDHRHANWNWDHDHR
17,"GGCC,CCNGG,GATC,GACNNNNNNGTC,GGYRCC,CGCG,GGCC,GGCC,GATC,TACGTA,TGATCA,CCWGG,AGCT,GATC,TTCGAA,GGWCC,GGCC",32.52932501298081,OPTIMAL,0.02518916130065918,HHHHHHHHHHHHHHHHHHNN,30.264662506490396,4.473176274,NNNANWHDDBRDKDNDDKDN
18,"CTTGAG,ATCGAT,GATCAG,GATC,AGTACT,TCGCGA,AATT,ATCGAT,CTCGAG,ATCGAT,GWGCWC,GATC,CCGCGG,CGATCG,GATC,GGTCTC,GGCC,CTNAG",30.754887502163474,OPTIMAL,5.718869924545288,NYNYNYNYNYNYNYNYHBBN,27.264662506490396,2.258685658,NNNRHADVNRRHRDVDRVAD
19,"YGGCCR,TCGA,AGCGCT,GRGGAAG,GATCAG,CGATCG,GCATC,AGGCCT,GGGAC,GGCC,GCCNNNNNGGC,GCATC,GCWGC,CCGG,GGNCC,GGCC,GRGCYC,CCSGG,GDGCHC",32.114287513701974,OPTIMAL,0.7872409820556641,NDDDDDDDDDDDDDDDDDDD,29.84962500721155,4.834786421,NNNTDDNDKDDWWHHHHNYD
20,"CTTAAG,ATCGAT,GANTC,GCATGC,ATCGAT,CGATCG,CTCGAG,AATT,CCNNGG,CCGCGG,GGNCC,GATATC,CTGCAG,C,GGTCTC,GTSAC,CCGCGG,GCGCGC,ATCGAT,GGCC",11.0,OPTIMAL,0.013374805450439453,WTWTWTWTWTWWAWAWAWAW,11.0,1.469960691,WWWAWAWAWAWAWAWAWAWA
1,CCGCGG,37.50977500432694,OPTIMAL,0.021923065185546875,NNNNNHHNDDNNNDNNHNNN,36.67970000576924,0.934224466,NNNNNHNHNHNHNHNHNHNH
2,"AGTACT,TTCGAA",36.094737505048094,OPTIMAL,0.06513404846191406,NNNNBVBVBNNNVBSNNNNN,36.09473750504809,1.051236371,NNNNNSVBNNNVBVBVNNNN
3,"GGCC,TCCGGA,ATCGAT",34.604512509375034,OPTIMAL,0.16904115676879883,NHNHNHVHVHNHVHVHNHNN,33.67970000576924,1.042907369,NNNDHRNVDBDNRNDNDNRN
4,"CGGWCCG,CCNGG,GGTCTC,CCGG",35.01955000865388,OPTIMAL,0.21947216987609863,NNHNHDHNDHDNNDHDDNDN,34.434587507932704,1.404749476,NNNHNWDHNDHDNNDHDDND
5,"RGATCY,ATCGAT,GATATC,CTGCAG,CCWGG",34.434587507932726,OPTIMAL,0.9610838890075684,NNVNBDBDHDNRNVVVVNNN,30.67970000576924,1.311876998,NNNNHAHDNNNAVHNDHRHR
6,"CCWGG,CCANNNNNNTGG,GAACNNNNNCTC,GGWCC,ACGABGG,TGATCA",36.26466250649041,OPTIMAL,0.006618976593017578,NVNNDNNBBBNNNBBBBNNN,31.43458750793271,3.087570161,NNNHDHBVCNHWNHHDHNMB
7,"CACNNNGTG,TTCGAA,TCGA,CTGCAG,RGCGCY,GATC,CTSAG",32.114287513701974,OPTIMAL,0.04860401153564453,VNVVBDDDDDDDDDDDDDDD,31.094737505048087,2.337687227,NNNKKNHWDNHWDNHWDNHW
8,"CTAG,GGWCC,GGNCC,GATC,CCGCGG,GGCC,GGCC,GCNGC",32.18947501009619,OPTIMAL,0.13460111618041992,NNBDHWDHDDHDDHWDHVNN,31.0,1.44559396,NNNWWWNNNWWWNNNWWWNN
9,"GRCGYC,GCGCGC,GANTC,C,ATCGAT,CGCCGAC,CTCTTC,GGCC,GGCC",20.0,OPTIMAL,0.005540132522583008,WWWWWWWWWWWWWWWWWWWW,20.0,0.919317673,WWWWWWWWWWWWWWWWWWWW
10,"GCTAGC,GTAC,GTCGAC,CRTCNA,RGCGCY,AGTACT,CTGCAG,GATC,GGCC,YGGCCR",32.94436251225966,OPTIMAL,0.02176690101623535,HHHHHHHHHHHHHHHHHNNN,30.169925001442312,1.970109432,NNNDDWWWNNNWWWNNNWWW
11,"GGWCC,GGNCC,GATC,GTCGAC,CTGGAG,CCWGG,CGGCCG,YGGCCR,ATGAA,CCWGG,WCCGGW",31.679700005769256,OPTIMAL,4.598866939544678,NVVNWDDSNSNNWDDSBBNN,28.849625007211557,2.104370469,NNDDTDVBWNWVBNWKWBDV
12,"CTGGAG,CYCGRG,GGYRCC,CGTACG,GCSGC,ATCGAT,GGNNCC,GATC,CTTAAG,CTGCAG,GGCC,GGNCC",31.849625007211568,OPTIMAL,3.084674119949341,NNNDKDHWWNHHDHMHHNBN,30.264662506490396,1.853051082,NNNDDAHWNHNWVHHWNHHW
13,"CTGCAG,CATG,CACGTG,CCSGG,CATG,GATC,CGGWCCG,GATC,AGGCCT,GAACNNNNNNTAC,GWGCWC,GTSAC,CCWGG",32.114287513701974,OPTIMAL,0.2552330493927002,DNVVVVVVVVVVVVVVVVVV,31.0,4.507388271,NNNWWWNNNWWWNNNWWWNN
14,"CACGCAG,GGATCC,GGTCTC,GATC,GGCGCC,GACNNNGTC,CAGCTG,CCWGG,TGTACA,GATC,AAGNNNNNCTT,YCCGSS,GTAC,AGGCCT",32.94436251225966,OPTIMAL,0.02791118621826172,HHHHHHHHHHHHHHHHHNNN,30.434587507932704,4.332996903,NNNDWDDNDWDDNDRTDDDD
15,"ACNGT,CCGCGG,GGCC,GCTAGC,GCNGC,GGGAC,ATCGAT,GGNCC,GGNCC,CAGNNNCTG,ACNGT,GCGGAG,GGWCC,TGATCA,YGGCCR",32.3594000115385,OPTIMAL,7.083144903182983,HHHHHHHHHHHHHHHHWNNN,30.849625007211557,3.360823989,NNDHDWVDHRNRHDWNDNRD
16,"CYCGRG,CATG,CTCGAG,AAGNNNNNCTT,GAAGA,TGCGCA,GAAGGC,ACCGGT,RGGNCCY,CTTAAG,TCNGA,TCGA,CCWGG,CTGAAG,GATC,CGCG",30.509775004326944,OPTIMAL,5.210780143737793,NDBWNWNWNWNWNWNWVHVH,27.264662506490396,4.171050303,NNHWWWHHHWWWHHNTWDHH
17,"TTCGAA,GGWCC,GGCC,AAGCTT,GAAGAC,CTCGAG,CCGCGG,CTCGAG,GGATG,TTCGAA,GCGCGC,GGWCC,GCATGC,CCGCGG,CTNAG,CAGCTG,GAGAYGT",31.84962500721156,OPTIMAL,14.376358985900879,NHNWNDBWVNBWVHNWDDND,28.92481250360578,3.499935864,NNNDWTHNNYDMYNNHWWWH
18,"CCWGG,CCGCGG,GGATCC,CYCGRG,CAGCTG,CTGCAG,ATTAAT,ATCGAT,GGCC,CTCTTC,GGCC,RGCGCY,CTCGAG,CTNAG,CTYRAG,TCTAGA,GGYRCC,CATATG",31.60451250937503,OPTIMAL,16.028969049453735,NDNKBDBDBWVHVHVMNHNH,26.339850002884624,2.329697921,NNNDHAMANNNWMAMHNNHA
19,"CTCGAG,GACNNNGTC,GCTCTTC,AGTACT,GGATC,TGATCA,CTCTTC,GRCGYC,TCGCGA,CTCGAG,CTCGAG,CTGCAG,GAAAYTC,GCTCTTC,GCGCGC,GGWCC,CTCGAG,GGTNACC,CTGAAG",32.339850002884624,OPTIMAL,10.296880960464478,NNNNWWWNHNDNWWWHNNHN,29.43458750793271,4.172713051,NNNNDTDDDDDWWDDWDDHW
20,"GGNCC,GAGCTC,AGTACT,GATC,CACGTC,GCWGC,GGWCC,GAGCTC,RGCGCY,GGCC,CCWGG,C,GATC,GGATCC,GTCGAC,CTCGAG,AGGCCT,ATCGAT,GCNGC,CCNNNNNNNGG",20.0,OPTIMAL,0.009912967681884766,WWWWWWWWWWWWWWWWWWWW,20.0,3.152108505,WWWWWWWWWWWWWWWWWWWW
1,AGGCCT,36.679700005769256,OPTIMAL,0.004196882247924805,NNHNHNHHNNNDNDNDNDNN,36.50977500432693,1.247947456,NNNNDNDNNRNDNDNDNDNN
2,"CYAAANG,ATCGAT",36.679700005769256,OPTIMAL,0.005474090576171875,NNNNBBNVVNNNBNVVVNNN,33.01955000865386,1.361180311,NNNNBNMMBHNBHHHHHHHH
3,"CTTGAG,GGCC,GTMKAC",34.60451250937504,OPTIMAL,0.2306370735168457,NNVDDHDNNDHDNHDHHBNN,32.264662506490396,1.053877813,NNNDNWWWDDNDNDKNDHDD
4,"AAGCTT,GTAC,RGATCY,CCWGG",32.94436251225966,OPTIMAL,0.006884098052978516,HHHHHHHHHHHHNHBVVVNN,31.67970000576924,1.180903306,NNNDWDDNDRDNRDNRDNRD
5,"ACACAG,CCGCGG,CCCGGG,GANTC,ATCGAT",33.849625007211564,OPTIMAL,3.3845980167388916,NDNDDVBNVBHWNDDRNNNN,31.84962500721155,1.616483373,NNNNDAVNDDDRVNDDDRVN
6,"GGNCC,AAGCTT,TGATCA,GAGNNNNNNCTGG,TGATCA,CCWGG",36.0947375050481,OPTIMAL,0.12514495849609375,NNNNNSBVNNNBVBVBNNNN,31.09473750504808,3.810468535,NNNNWVTNNNDHKVBRHDNY
7,"CCGCGG,GCGC,GATNNNNATC,GATC,ACNNNNNCTCC,GGAGGC,CCSGG",32.94436251225966,OPTIMAL,0.008548974990844727,NNNDDDDDDDDDDDDDDDDD,30.43458750793271,3.419242745,NNNDWDDDDWDDRNDRDRDD
8,"GGNCC,GAATGC,CAYNNNNRTG,CGTCTC,GCATGC,CCWWGG,GACGC,GGCC",33.99999999999999,OPTIMAL,0.584367036819458,NNWNNWNNWNNWNNWNNWNN,31.43458750793271,2.677274117,NNNDDWDDDWHWNDNDDDDW
9,"GTYRAC,CCWGG,CCTNNNNNAGG,GRGCYC,CTGCAG,GGTACC,GGWCC,GAAABCC,GGNCC",36.0947375050481,OPTIMAL,0.06238913536071777,NNNNNWHDNNNHDHDHNNNN,33.01955000865386,4.285965338,NNNDHDWDDNWNDDDNDDDD
10,"AGTACT,GGTACC,GAATGC,CCWGG,GTMKAC,ATCGAT,ATCGAT,CGCG,GGWCC,GATC",32.52932501298082,OPTIMAL,0.26422691345214844,NNDDDDDDDDDDDDDDDDDD,31.604512509375013,1.884985797,NNNWDWDDNDDRDDDDDDDD
11,"GGCC,CGATCG,CGTCGACG,GGWCC,CTNAG,GGCC,GCGCGC,GATATC,TTCGAA,CTNAG,CAACAC",32.339850002884624,OPTIMAL,23.25797200202942,NHNNNTNMHNNDKNANNNDN,29.509775004326933,4.479700743,NNNDHTWNWNNHTNHWNHWD
12,"CCGCGG,CCCAAG,CTAG,ATTTAAAT,GCATC,TGCA,GATC,GGWCC,ACTGG,CTCGAG,GATC,GCNGC",30.019550008653873,OPTIMAL,24.733964204788208,NDDWRDNRDDDDDDRRVVVN,27.67970000576924,2.61404384,NNNTDWNRRVDDWDDDRRVR
13,"GATC,YATR,WGTACW,GTATAC,CTGCAG,ACGT,GATC,ATGCAT,AGGCCT,CCGCGG,TCCGGA,GGCC,CCGG",32.114287513701974,OPTIMAL,0.22927379608154297,NDDDDDDDDDDDDDDDDDDD,26.75488750216347,2.0631845,NBHDTYNNYTNNYTNNYTNN
14,"CCGCGG,GGTNACC,CTCGAG,AGGCCT,GRCGYC,CTNAG,CTGCAG,GGATCC,RGCGCY,CCATGG,GGTCTC,CCGCGG,CAATNAG,GATC",32.77443751081734,OPTIMAL,0.302901029586792,HHHHHHHHHHHNHHWHHNNN,30.094737505048087,3.185726431,NNNDWWWHWNNHWWHWHHHN
15,"GGTCTC,TTCGAA,GATATC,GATC,TCGCGA,GTCGAC,GCCGGC,GGYRCC,GGCC,CCSGG,CGCG,AATT,AGTACT,CCGC,CGTCTC",28.339850002884624,OPTIMAL,110.71612000465393,BNYWNWSNBWNWRNVWRNRH,23.75488750216347,3.529199641,NBNWDRNANANANANADRNA
16,"GCTAGC,AGGCCT,CCNGG,GGCC,GRGCYC,CTCGAG,GAGCTC,GGWCC,CCWGG,GCGC,GGCC,AGATCT,CYCGRG,CTGCAG,TTATAA,CYCGRG",31.67970000576925,OPTIMAL,8.720575094223022,NNBDDWBNSDDWNNSDDWNN,29.434587507932704,1.99698064,NNNDWYRBBDDWBDBWBDBW
17,"GGATC,CCRYGG,CTCGAG,ACNGT,GGYRCC,GGCC,RAATTY,CGATCG,TCGCGA,CATCAC,TACGTA,CYCGRG,GATC,GGWCC,CAGNNNCTG,GCWGC,GGCC",32.26466250649041,OPTIMAL,1.7233960628509521,NNHWDNHWDNHWDNHWDNND,26.92481250360578,4.223968089,NNNDRAVDHRNANRNGNGND
18,"GCGC,GATC,CTCTTC,GAAABCC,GGTCTC,GDGCHC,CCNGG,GATC,GGTACC,CCWGG,TTCGAA,GGATCC,CCWGG,GATC,GGCC,CTGCAG,CTGCAG,CTCGAG",32.094737505048094,OPTIMAL,2.509916067123413,NNNWDDHWDNHWDNHWWNNN,28.43458750793271,2.463420786,NNNDWTDDDDDWWDDWDDHW
19,"C,CCGCGG,WGTACW,GATC,GCAGC,CGTACG,CGTACG,GACNNNNNGTC,GTGCAC,GGTCTC,GGATCC,RGCGCY,GCNGC,GTNNAC,CCGCGG,GRGCYC,TACGTA,TTCGAA,CTGCAG",20.0,OPTIMAL,0.006203889846801758,WWWWWWWWWWWWWWWWWWWW,20.0,2.219565054,WWWWWWWWWWWWWWWWWWWW
20,"GACGTC,GATCAG,YGGCCR,ACATGT,CCGCGG,GTAC,GGNCC,CCGG,GRCGYC,ATCGAT,GATC,GANTC,C,CCWGG,CCGG,GCNGC,GGCC,GCGC,AGCT,GGCGCC",20.0,OPTIMAL,0.0066831111907958984,WWWWWWWWWWWWWWWWWWWW,20.0,1.703264334,WWWWWWWWWWWWWWWWWWWW
