nsites,sites,objval,status,runtime,code
1,GATC,22.83529199071754,OPTIMAL,0.004336118698120117,HHNNHDDHDDHDDHDDBDND
2,"ATGCAT,CTCGAG",24.561384425428226,OPTIMAL,0.26067090034484863,NNNDNHVVBNNBDHHVNBNN
3,"GGCC,GANTC,CCSGG",25.136748570331786,OPTIMAL,0.0037620067596435547,NHNHNHNHNHNHNHNHNNDN
4,"CACGTG,GCCGGC,CCGCGG,GRGCYC",25.13674857033179,OPTIMAL,0.1440601348876953,NNDDNDNNNHNHHHNNHHNN
5,"CGGCCR,GGTGA,GGCC,AGCT,CGATCG",22.481942883748385,OPTIMAL,0.3302490711212158,NHNDDWHHNDDWHHNWNDDN
6,"CCGCGG,C,CTGCAG,GACGC,CTGGAG,GATC",13.862943611198906,OPTIMAL,0.005307912826538086,WWWWWWWWWWWWWWWWWWWW
7,"CTGCAG,CAGRAG,TTTAAA,GATC,CCGG,GGCGCC,GGCC",22.599725919404772,OPTIMAL,0.2770850658416748,NHVHVHVHVHNWNDBDNKDN
8,"ACCGGT,CCGCGG,CCGG,GGTACC,GCGGCCGC,GGCC,CTGCAG,TCTAGA",23.698338208072883,OPTIMAL,0.41866612434387207,NHVHNHVHNHVHNHNHHHHN
9,"GGYRCC,TTCGAA,CCGCGG,CTGCAG,GTNAC,CTGCAG,GGWCC,AGGAAT,GAATTC",23.175090064308336,OPTIMAL,6.35651707649231,NDNNBRBNHNRBBHHVNBHN
10,"AATT,CCGCGG,GATNNNNATC,CCGC,ATCGAT,GGATC,CTGCAG,CACGTG,TGGCCA,GACNNNNNGTC",21.213431558284878,OPTIMAL,6.029540061950684,BNBWBDBWBDBWBDBWNDVN
11,"TCGCGA,RGCGCY,CCGCGG,GTAC,GGTNACC,ACNGT,GGWCC,GRGCYC,GANTC,GDGCHC,GCAGC",22.83529199071754,OPTIMAL,0.015182018280029297,NNNDDDDDDDDDDDDDDDDD
12,"GTMKAC,ATCGAT,GGCC,CTCGAG,CTNAG,TCCGGA,GATC,CGATCG,GCCGGC,CTTCGAG,GACGAG,GTCGAC",22.599725919404772,OPTIMAL,0.4178338050842285,NNHWWNHVHVHVHNDBDBDN
13,"CTCTTC,TTCGAA,CCSGG,CCGCGG,GGCC,ACTGGG,TCCGGA,CTGCAG,TCNNGA,GTAC,GCTNAGC,AACGTT,TTCGAA",21.958694739983837,OPTIMAL,5.721508979797363,NNNWWDNHWDNHWDNHWDNH
14,"GGCC,GGTACC,CTAG,ATCGAT,GGNCC,ACNGT,ATCGAT,C,ACTGGG,AGTACT,CCCGGG,CCGG,GAACNNNNNNTAC,GTTAAC",13.862943611198906,OPTIMAL,0.008285999298095703,WWWWWWWWWWWWWWWWWWWW
15,"GGNCC,GGTCTC,CCWGG,GGTGA,TCGA,RGATCY,GGTCTC,GGGAC,GGWCC,ACGGC,GATC,CCWGG,AGCT,CTRYAG,AGGCCT",21.31766356056291,OPTIMAL,3.4575657844543457,HNWNWNWNWNWNWNWNWDDN
16,"TCGA,ACTGG,CTGCAG,TCNGA,TCNGA,CTGCAG,CCWGG,GGNCC,GGNCC,CCGCGG,GCATC,TTCGAA,GCGGCCGC,GWGCWC,C,CTTAAG",13.862943611198906,OPTIMAL,0.008257150650024414,WWWWWWWWWWWWWWWWWWWW
17,"CTRYAG,GGNNCC,ACNGT,ACNNNNGTAYC,YGGCCR,GCAGC,TGCA,CAGCTG,CGCG,GRGCYC,GCNGC,CCGCGG,CCSGG,GATATC,GATC,RGATCY,GAAGAC",22.547609918265756,OPTIMAL,0.07308220863342285,HHHHHHHHHHHHHHHHHHNN
18,"TGCA,AGTACT,GCNGC,TCGA,GTATAC,CCWGG,GGATCC,CCDG,ATCGAT,TGCA,GATC,GGNCC,CCNGG,GATC,RAATTY,GATC,CTTGAG,CCGCGG",21.972245773362197,OPTIMAL,0.37192487716674805,HHHHHHHHHHHHHHHHHHHH
19,"CCGG,CGCG,GACGAG,GATC,RGATCY,TGTACA,CCGGNAG,GGNCC,CCGCGG,GTATNAC,GGCC,ATCGAT,CTGCAG,GGCC,GTAC,TCCGGA,CCTNAGG,GGWCC,CCGG",22.42982688260937,OPTIMAL,0.49661803245544434,HHHHHHHHHHHHHHHHWNNN
20,"CTCGAG,GWGCWC,GGTNACC,CACGTG,CTYRAG,CCWGG,GAATGC,GCNGC,GTGCAC,GRGCYC,GATC,TGATCA,GGWCC,ATCGAC,CGATCG,GTGCAC,GATC,GATC,TACGTA,GATC",22.547609918265756,OPTIMAL,0.37903809547424316,HHHHHHHHHHHHHHHHHHNN
1,CYCGRG,27.725887222397812,OPTIMAL,0.0011088848114013672,NNNNNNNNNNNNNNNNNNNN
2,"GGCC,CCSGG",25.136748570331786,OPTIMAL,0.0031130313873291016,NHNHNHNHNHNHNHNHNNDN
3,"GGNCC,CCTAGG,CTCGAG",25.424430642783566,OPTIMAL,0.007030963897705078,NNNDNHNDNHNDNHDNHNNN
4,"GATNNNNATC,RGCGCY,CCTNAGG,GACNNNNNGTC",27.725887222397812,OPTIMAL,0.0021800994873046875,NNNNNNNNNNNNNNNNNNNN
5,"CCYGA,CAGCTG,GAAGGC,TCATGA,CTCTTC",23.227206065447344,OPTIMAL,5.878677129745483,NNBNSNVNDWWHNBNSNVNN
6,"GATC,CTGCAG,GGTNACC,AGGCCT,ATCGAT,YATR",22.717508955061156,OPTIMAL,0.17145991325378418,NHVHVHNWNDBDBDBDHDDN
7,"GGCC,GATC,GGWCC,CCWGG,GGCC,CTTAAG,CCANNNNNTGG",22.83529199071754,OPTIMAL,0.010149955749511719,NHVHVHVHVHVHVHVHVNND
8,"GTAC,CTGCAG,TTCGAA,CCGCGG,AAGCTT,GGTACC,GGWCC,ACCNNNNNNGGT",22.54760991826576,OPTIMAL,0.8078210353851318,NVNDDDDDDDDDDDDDDDDD
9,"CCWGG,GGNCC,CCATC,CCGCGG,GGATCC,TTCGAA,CGGWCCG,CYCGRG,GATC",22.48194288374839,OPTIMAL,0.20058393478393555,NNVVBWVNVBWVNBWVBBNN
10,"YGGCCR,GGWCC,GGCC,CGATCG,GGNCC,GCCGGC,CAGCTG,GGGAC,CCGCAT,GCAGC",23.175090064308332,OPTIMAL,1.7904489040374756,NNNDDWDHNHWHHHHHHNNN
11,"AGGCCT,CTCTTC,CTNAG,GGCC,CGATCG,GTCGAC,GTTAAC,GGGCCC,CTGGAG,CCWGG,GGWCC",22.429826882609376,OPTIMAL,10.761587142944336,NHVHVHNWNDBDBDBDBDBD
12,"CTGAAG,TCGCGA,GATATC,GRCGYC,CCGCGG,GTCGAC,CTGCAG,GAGGAG,CGCG,CCCAGC,GCCGGC,CTGCAG",22.651841920543784,OPTIMAL,4.122208118438721,NNNHHWWDNNDBWHWNDNHN
13,"GGATCC,ATCGAT,CYCGRG,GTGCAG,CAGCTG,CCANNNNNNTGG,CTGCAG,GCNGC,GGNCC,CGGCCG,GTYRAC,CGATCG,GATC",22.599725919404772,OPTIMAL,0.40079498291015625,NNNWDDVVBDNDWDDVVBDN
14,"CYCGRG,TCGA,CCATGG,CCGCGG,GANTC,GANTC,CTGCAG,GATC,CCWGG,TGATCA,GGCC,CCWGG,CTGCAG,GCNGC",22.25992784581398,OPTIMAL,0.05823993682861328,NDDDDDDDDDDDDDDDDDDD
15,"GGWCC,GATATC,GAYNNNNNVTC,CGATCG,GGGCCC,CCWGG,AAGCTT,RGGWCCY,GGATC,AGTACT,GGTNACC,GCGTA,CCTNNNNNAGG,GRGCYC,RCCGAAG",22.54760991826576,OPTIMAL,5.7227959632873535,NNHHDDDDDDDDDDDDDDDD
16,"CCGG,GACGC,CCGCGG,GAGCTC,GGCC,GGCC,ACNGT,CCNNGG,GCNNGC,GGTACC,GTAC,CTGCAG,GCAGC,GAAGA,CACGTG,ACNGT",21.605345633014686,OPTIMAL,4.0971620082855225,NNNWWWNNNWWWNNNWWDBN
17,"CCWGG,CGTCTC,GGNCC,GTCGAC,ATCGAT,GACNNNGTC,GATATC,GGCC,CCCAAG,GTCGAC,GCTCTTC,GCGC,CCGCGG,GGWCC,CTNAG,GACGTC,GGCC",22.142144810157593,OPTIMAL,12.597831010818481,HHHHHHHHHHHHHHWHHHNN
18,"GGTACC,GGCC,ACTAGT,GAAGAC,GGATCC,TGATCA,ATCGAT,CCGCGG,GTCGAC,CTCGAG,GAAGAC,CATG,CCCGCAG,GGCC,GGCC,GCCRAG,CGCG,GATATC",21.972245773362197,OPTIMAL,3.5908560752868652,HHHHHHHHHHHHHHHHHHHH
19,"CCGCGG,TTCGAA,RGGNCCY,ATCGAT,GGWCC,CTAG,CCGCGG,RCATGY,GRGCYC,TCGA,CTCTTC,CTAG,GGYRCC,ATCGAT,GATC,TCCGGA,CCGCGG,ATCGAT,CCWGG",22.25992784581398,OPTIMAL,0.04029989242553711,NDBDBDBDBDBDBDBDBDBD
20,"GGCC,CTAG,TGATCA,CCATGG,CCWGG,CTGCAG,GACNNNNNGTC,GATC,GCCGGC,GACGAG,CTRYAG,CAGCTG,GGATCC,CCGCGG,TGCA,GGTGA,ATCGAT,GATATC,GGTCTC,GTSAC",21.029981488111126,OPTIMAL,7.4070940017700195,HVWNWNWNWNWNWNWDWNDN
1,ACCTGC,25.1888645714708,OPTIMAL,0.053125858306884766,NNNNHNWNDNNHNWNDNNNN
2,"CCGCGG,CTGCAG",25.136748570331786,OPTIMAL,0.008954048156738281,NNDHNHNNDHNHNNNHHHNN
3,"GGCC,TCCGGA,TCGA",22.717508955061156,OPTIMAL,0.11132287979125977,NDDDDDNWNHHHHHHHHHHN
4,"GGCGCC,AAGCTT,CCNNNNNNNGG,ATCGAT",24.15591931732006,OPTIMAL,0.564216136932373,NBNNBWNNNHVBDVNDDDNN
5,"CTCGAG,GATC,GATC,AGTACT,CGATCG",22.83529199071754,OPTIMAL,0.013614177703857422,NBHHDBBBHHDHHDNHDDND
6,"CCGCGG,GAAGA,GGCC,RCCGGY,CTGCAG,CGATCG",22.717508955061156,OPTIMAL,2.0033071041107178,NHVHVHVHVHVHNWNDBDND
7,"AAGCTT,YATR,CCWGG,TCGA,C,GCNGC,GWGCWC",13.862943611198906,OPTIMAL,0.004001140594482422,WWWWWWWWWWWWWWWWWWWW
8,"CGGCCG,CCSGG,AGGCCT,GGNCC,GATATC,ATTTAAAT,GGATCC,CTNAG",23.86823724486828,OPTIMAL,0.956974983215332,NHNNNDBDSHVHNNNDBDND
9,"GGGAC,CYCGRG,CTNAG,GCGATCGC,GACNNNNNGTC,GKGCMC,GGGAC,CTCGAG,GGCC",24.273702352976443,OPTIMAL,0.06472897529602051,NNDHDNHDNHDNHDNHDHNN
10,"TGCGCA,GGATC,ACCGGT,TCGA,CTGCAG,GGWCC,GACNNNGTC,GATC,RGATCY,CCGCGG",22.259927845813976,OPTIMAL,0.07837390899658203,HHHHHHHHHHHHHHHHHHNB
11,"GATC,ATCGAT,CCNGG,AAGCTT,GGWCC,RGCGCY,CCGG,CACCAC,GGTNACC,AGTACT,GGCC",21.840911704327457,OPTIMAL,4.951037168502808,NNNWDWNWNWNWBDBWHDNN
12,"GGTCTC,CCCGGG,GCGCGC,GGWCC,CCGCGG,CGCG,GAATTC,CAGCTG,GGNCC,GTCGAC,TCNGA,GGCC",23.17509006430834,OPTIMAL,1.847100019454956,HHHNHHHNWNNNWNDDDNDD
13,"CCNNGG,CGTACG,GCCGGC,CACGTC,GGATCC,CCGCGG,CCGCGG,GACNNNNNGTC,GGTACC,CYCGRG,GCGC,ATCGAT,GATC",22.54760991826576,OPTIMAL,0.8598299026489258,NNDDDDDDDDDDDDDDDDDD
14,"GGATCC,ATCGAT,CCNGG,GGCC,GACGAG,GTCGAC,GACGTC,CYCGRG,GGNCC,CCSGG,TGATCA,GATC,CTNAG,CRTTAA",22.717508955061156,OPTIMAL,0.1884620189666748,HNNHWDHVHVHVHVHNDBDN
15,"GATNNNNATC,CCTNAGG,GGNCC,RCCGGY,GATCAG,CTGCAG,GGYRCC,AGCT,RGGWCCY,GAYNNNNNRTC,GATC,CCWGG,GRCGYC,CCCGGG,GAWTC",22.54760991826576,OPTIMAL,0.018273115158081055,NNDDDDDDDDDDDDDDDDDD
16,"CYCGRG,CCGCGG,GGTCTC,WCCGGW,GGTCTC,GGATCC,TTCGAA,CYCGRG,GCANNNNNTGC,CTGCAG,CTGCAG,ACGGC,CTGGAG,GATATC,CTGCAG,AGGCCT",22.31204384695299,OPTIMAL,16.408282041549683,NNDWDDDDDDDDDDDRNDND
17,"GGATCC,YGGCCR,CCNGG,GDGCHC,YGGCCR,GTAC,GATC,CGCCGGCG,CCTNAGG,CGGCCG,TACGAG,TGATCA,CCWGG,ATGCAT,CTNAG,TGATCA,GCATGC",22.54760991826576,OPTIMAL,0.4849119186401367,NNDDDDDDDDDDDDDDDDDD
18,"CTNAG,CTGCAG,CCWGG,CCWGG,CTAG,CCGCGG,GAAGAC,C,GTYRAC,GTYGGAG,CTNAG,CCGCGG,GCWGC,CTGCAG,CTRYAG,GCATGC,GACGTC,GGCC",13.862943611198906,OPTIMAL,0.006693124771118164,WWWWWWWWWWWWWWWWWWWW
19,"GGNCC,AAAAGRG,GATC,CCWGG,CAGCTG,GANTC,CCGGAG,GACNNNNNGTC,GGWCC,TCNNGA,GATC,GGNCC,CACGAG,CTNAG,CCWGG,CTGCAG,TCNNGA,GATC,GGNCC",22.717508955061152,OPTIMAL,0.24289798736572266,HHHHHHHHHHHHHNHHWNNN
20,"CGCG,ACNGT,GGCC,GCTNAGC,GGCC,TTTAAA,CCTTC,GTGCAC,GGNCC,ATCGAT,GGNNCC,GATATC,GRGCYC,GGWCC,CCTNAGG,CCNGG,CGATCG,GGCGCC,RTGCGCAY,TCCGGA",21.095648522628498,OPTIMAL,99.05509996414185,NNDSWDNHWSHVHHWDDBDN
1,CCWGG,27.725887222397812,OPTIMAL,9.829998016357422e-4,NNNNNNNNNNNNNNNNNNNN
2,"GWGCWC,ATCGAT",25.42443064278357,OPTIMAL,0.005525112152099609,NNNNBBNVVNNNBNVVVNNN
3,"GGCCNNNNNGGCC,TGAAC,GGWCC",24.273702352976443,OPTIMAL,0.006953001022338867,NNVBVBNVBNVBNVBNVBNN
4,"GACNNNNNGTC,GATATC,AGGCCT,GCCCAT",23.462772136760115,OPTIMAL,2.975799083709717,NHNNBWVNNDBWVNNDNDDD
5,"GCCGAG,CACGTG,CAYNNNNNCTC,GGYRCC,AAGCTT",23.86823724486828,OPTIMAL,2.1130850315093994,NBNNHHNDWHNDDDDDNNVN
6,"ACCGGT,GGNCC,CTGCAG,CCTTC,TCCGGA,RGCGCY",23.69833820807288,OPTIMAL,0.30899500846862793,NNDHDHNDHDHDHNDHDHNN
7,"TCNGA,CTNAG,CCWGG,CAGCTG,GTCGAC,CCTNNNNNAGG,C",13.862943611198906,OPTIMAL,0.0032739639282226562,WWWWWWWWWWWWWWWWWWWW
8,"GGTACC,GGCC,CCWGG,GATC,GATC,TCGA,TTCGAA,CGCAGCG",22.25992784581398,OPTIMAL,0.14491796493530273,NVHDDDDDDDDDDDDDDDDD
9,"CCWGG,CCWGG,GAAABCC,CAGCTG,GGATCC,GGATG,CGCG,CTGCAG,CCCGC",23.057307028651948,OPTIMAL,1.0403430461883545,NNNHWHDNHDWDNHDWDNNN
10,"GGTACC,TCNGA,ACTAGT,TGATCA,CGTACG,GCATGC,GATC,TCGCGA,CYCGRG,CGRYCG",22.54760991826576,OPTIMAL,1.794874906539917,NHHDHHDHHDHHDHHDHHDN
11,"CCNGG,CGGCCG,CGATCG,CACGTG,TCTAGA,CCNGG,GATC,TCNGA,GATC,CTCGAG,CAGCTG",22.599725919404772,OPTIMAL,1.999804973602295,NNBDHWDHVNBDHWDHVNVN
12,"GTAC,ACCGGT,CCWGG,CTGCAG,GCNGC,CAGCTG,GTTAAC,GGATCC,GGCC,GTSAC,GGCC,GACNNNGTC",22.717508955061156,OPTIMAL,0.04647517204284668,HHHHHHHNHBHBHNWNDVDN
13,"GGATCC,RGATCY,GAANNNNTTC,ATCGAT,GGWCC,CCNGG,CCWGG,GTATAC,CCTGCAGG,GACNNNNNGTC,GCGATCGC,CAYNNNNNCTC,GACNNNGTC",24.03813628166367,OPTIMAL,0.45960092544555664,NNNNBKNVHHDBBNMVNNNN
14,"GGCC,CGGCCG,CTCGAG,GATC,GGCC,CCGCGG,CTGCAG,YCCGSS,RTCAGG,GKAAYG,CGTACG,CTCGAG,GCWGC,GGCC",22.717508955061152,OPTIMAL,0.03802609443664551,HHHHHHHHHHHHHNHHWNNN
15,"CAGCTG,GKGCMC,CTGAAG,TGCGCA,GTSAC,GCATGC,GCCGGC,CCGCGG,CYCGRG,GATC,GGCC,GGNNCC,ATCGAT,CCWWGG,GCCGGC",22.194260811296605,OPTIMAL,2.3896238803863525,NVNDDKDNDDDKDNDDKDND
16,"CCCGGG,CTCGAG,CTCGAG,GGTACC,TGGCCA,CYCGRG,ATCGAT,CCGCGG,GRCGYC,CCGCGG,GTCTC,CC,CGGCCG,CYCGRG,GGTCTC,CCWGG",20.690183414520334,OPTIMAL,0.3055860996246338,DHDHWNWNWDHWNWNWDHDH
17,"GGCC,CCNGG,GATC,GACNNNNNNGTC,GGYRCC,CGCG,GGCC,GGCC,GATC,TACGTA,TGATCA,CCWGG,AGCT,GATC,TTCGAA,GGWCC,GGCC",22.547609918265756,OPTIMAL,0.02518916130065918,HHHHHHHHHHHHHHHHHHNN
18,"CTTGAG,ATCGAT,GATCAG,GATC,AGTACT,TCGCGA,AATT,ATCGAT,CTCGAG,ATCGAT,GWGCWC,GATC,CCGCGG,CGATCG,GATC,GGTCTC,GGCC,CTNAG",21.31766356056291,OPTIMAL,5.718869924545288,NYNYNYNYNYNYNYNYHBBN
19,"YGGCCR,TCGA,AGCGCT,GRGGAAG,GATCAG,CGATCG,GCATC,AGGCCT,GGGAC,GGCC,GCCNNNNNGGC,GCATC,GCWGC,CCGG,GGNCC,GGCC,GRGCYC,CCSGG,GDGCHC",22.25992784581398,OPTIMAL,0.7872409820556641,NDDDDDDDDDDDDDDDDDDD
20,"CTTAAG,ATCGAT,GANTC,GCATGC,ATCGAT,CGATCG,CTCGAG,AATT,CCNNGG,CCGCGG,GGNCC,GATATC,CTGCAG,C,GGTCTC,GTSAC,CCGCGG,GCGCGC,ATCGAT,GGCC",7.6246189861593985,OPTIMAL,0.013374805450439453,WTWTWTWTWTWWAWAWAWAW
1,CCGCGG,25.99979478768713,OPTIMAL,0.021923065185546875,NNNNNHHNDDNNNDNNHNNN
2,"AGTACT,TTCGAA",25.018965534675402,OPTIMAL,0.06513404846191406,NNNNBVBVBNNNVBSNNNNN
3,"GGCC,TCCGGA,ATCGAT",23.986020280524663,OPTIMAL,0.16904115676879883,NHNHNHVHVHNHVHVHNHNN
4,"CGGWCCG,CCNGG,GGTCTC,CCGG",24.273702352976446,OPTIMAL,0.21947216987609863,NNHNHDHNDHDNNDHDDNDN
5,"RGATCY,ATCGAT,GATATC,CTGCAG,CCWGG",23.86823724486828,OPTIMAL,0.9610838890075684,NNVNBDBDHDNRNVVVVNNN
6,"CCWGG,CCANNNNNNTGG,GAACNNNNNCTC,GGWCC,ACGABGG,TGATCA",25.136748570331786,OPTIMAL,0.006618976593017578,NVNNDNNBBBNNNBBBBNNN
7,"CACNNNGTG,TTCGAA,TCGA,CTGCAG,RGCGCY,GATC,CTSAG",22.25992784581398,OPTIMAL,0.04860401153564453,VNVVBDDDDDDDDDDDDDDD
8,"CTAG,GGWCC,GGNCC,GATC,CCGCGG,GGCC,GGCC,GCNGC",22.31204384695299,OPTIMAL,0.13460111618041992,NNBDHWDHDDHDDHWDHVNN
9,"GRCGYC,GCGCGC,GANTC,C,ATCGAT,CGCCGAC,CTCTTC,GGCC,GGCC",13.862943611198906,OPTIMAL,0.005540132522583008,WWWWWWWWWWWWWWWWWWWW
10,"GCTAGC,GTAC,GTCGAC,CRTCNA,RGCGCY,AGTACT,CTGCAG,GATC,GGCC,YGGCCR",22.835291990717536,OPTIMAL,0.02176690101623535,HHHHHHHHHHHHHHHHHNNN
11,"GGWCC,GGNCC,GATC,GTCGAC,CTGGAG,CCWGG,CGGCCG,YGGCCR,ATGAA,CCWGG,WCCGGW",21.95869473998384,OPTIMAL,4.598866939544678,NVVNWDDSNSNNWDDSBBNN
12,"CTGGAG,CYCGRG,GGYRCC,CGTACG,GCSGC,ATCGAT,GGNNCC,GATC,CTTAAG,CTGCAG,GGCC,GGNCC",22.076477775640225,OPTIMAL,3.084674119949341,NNNDKDHWWNHHDHMHHNBN
13,"CTGCAG,CATG,CACGTG,CCSGG,CATG,GATC,CGGWCCG,GATC,AGGCCT,GAACNNNNNNTAC,GWGCWC,GTSAC,CCWGG",22.25992784581398,OPTIMAL,0.2552330493927002,DNVVVVVVVVVVVVVVVVVV
14,"CACGCAG,GGATCC,GGTCTC,GATC,GGCGCC,GACNNNGTC,CAGCTG,CCWGG,TGTACA,GATC,AAGNNNNNCTT,YCCGSS,GTAC,AGGCCT",22.835291990717536,OPTIMAL,0.02791118621826172,HHHHHHHHHHHHHHHHHNNN
15,"ACNGT,CCGCGG,GGCC,GCTAGC,GCNGC,GGGAC,ATCGAT,GGNCC,GGNCC,CAGNNNCTG,ACNGT,GCGGAG,GGWCC,TGATCA,YGGCCR",22.42982688260937,OPTIMAL,7.083144903182983,HHHHHHHHHHHHHHHHWNNN
16,"CYCGRG,CATG,CTCGAG,AAGNNNNNCTT,GAAGA,TGCGCA,GAAGGC,ACCGGT,RGGNCCY,CTTAAG,TCNGA,TCGA,CCWGG,CTGAAG,GATC,CGCG",21.147764523767513,OPTIMAL,5.210780143737793,NDBWNWNWNWNWNWNWVHVH
17,"TTCGAA,GGWCC,GGCC,AAGCTT,GAAGAC,CTCGAG,CCGCGG,CTCGAG,GGATG,TTCGAA,GCGCGC,GGWCC,GCATGC,CCGCGG,CTNAG,CAGCTG,GAGAYGT",22.07647777564022,OPTIMAL,14.376358985900879,NHNWNDBWVNBWVHNWDDND
18,"CCWGG,CCGCGG,GGATCC,CYCGRG,CAGCTG,CTGCAG,ATTAAT,ATCGAT,GGCC,CTCTTC,GGCC,RGCGCY,CTCGAG,CTNAG,CTYRAG,TCTAGA,GGYRCC,CATATG",21.906578738844825,OPTIMAL,16.028969049453735,NDNKBDBDBWVHVHVMNHNH
19,"CTCGAG,GACNNNGTC,GCTCTTC,AGTACT,GGATC,TGATCA,CTCTTC,GRCGYC,TCGCGA,CTCGAG,CTCGAG,CTGCAG,GAAAYTC,GCTCTTC,GCGCGC,GGWCC,CTCGAG,GGTNACC,CTGAAG",22.416275849231017,OPTIMAL,10.296880960464478,NNNNWWWNHNDNWWWHNNHN
20,"GGNCC,GAGCTC,AGTACT,GATC,CACGTC,GCWGC,GGWCC,GAGCTC,RGCGCY,GGCC,CCWGG,C,GATC,GGATCC,GTCGAC,CTCGAG,AGGCCT,ATCGAT,GCNGC,CCNNNNNNNGG",13.862943611198906,OPTIMAL,0.009912967681884766,WWWWWWWWWWWWWWWWWWWW
1,AGGCCT,25.42443064278357,OPTIMAL,0.004196882247924805,NNHNHNHHNNNDNDNDNDNN
2,"CYAAANG,ATCGAT",25.42443064278357,OPTIMAL,0.005474090576171875,NNNNBBNVVNNNBNVVVNNN
3,"CTTGAG,GGCC,GTMKAC",23.986020280524667,OPTIMAL,0.2306370735168457,NNVDDHDNNDHDNHDHHBNN
4,"AAGCTT,GTAC,RGATCY,CCWGG",22.83529199071754,OPTIMAL,0.006884098052978516,HHHHHHHHHHHHNHBVVVNN
5,"ACACAG,CCGCGG,CCCGGG,GANTC,ATCGAT",23.462772136760112,OPTIMAL,3.3845980167388916,NDNDDVBNVBHWNDDRNNNN
6,"GGNCC,AAGCTT,TGATCA,GAGNNNNNNCTGG,TGATCA,CCWGG",25.018965534675406,OPTIMAL,0.12514495849609375,NNNNNSBVNNNBVBVBNNNN
7,"CCGCGG,GCGC,GATNNNNATC,GATC,ACNNNNNCTCC,GGAGGC,CCSGG",22.83529199071754,OPTIMAL,0.008548974990844727,NNNDDDDDDDDDDDDDDDDD
8,"GGNCC,GAATGC,CAYNNNNRTG,CGTCTC,GCATGC,CCWWGG,GACGC,GGCC",23.567004139038136,OPTIMAL,0.584367036819458,NNWNNWNNWNNWNNWNNWNN
9,"GTYRAC,CCWGG,CCTNNNNNAGG,GRGCYC,CTGCAG,GGTACC,GGWCC,GAAABCC,GGNCC",25.018965534675406,OPTIMAL,0.06238913536071777,NNNNNWHDNNNHDHDHNNNN
10,"AGTACT,GGTACC,GAATGC,CCWGG,GTMKAC,ATCGAT,ATCGAT,CGCG,GGWCC,GATC",22.54760991826576,OPTIMAL,0.26422691345214844,NNDDDDDDDDDDDDDDDDDD
11,"GGCC,CGATCG,CGTCGACG,GGWCC,CTNAG,GGCC,GCGCGC,GATATC,TTCGAA,CTNAG,CAACAC",22.416275849231017,OPTIMAL,23.25797200202942,NHNNNTNMHNNDKNANNNDN
12,"CCGCGG,CCCAAG,CTAG,ATTTAAAT,GCATC,TGCA,GATC,GGWCC,ACTGG,CTCGAG,GATC,GCNGC",20.807966450176714,OPTIMAL,24.733964204788208,NDDWRDNRDDDDDDRRVVVN
13,"GATC,YATR,WGTACW,GTATAC,CTGCAG,ACGT,GATC,ATGCAT,AGGCCT,CCGCGG,TCCGGA,GGCC,CCGG",22.25992784581398,OPTIMAL,0.22927379608154297,NDDDDDDDDDDDDDDDDDDD
14,"CCGCGG,GGTNACC,CTCGAG,AGGCCT,GRCGYC,CTNAG,CTGCAG,GGATCC,RGCGCY,CCATGG,GGTCTC,CCGCGG,CAATNAG,GATC",22.717508955061152,OPTIMAL,0.302901029586792,HHHHHHHHHHHNHHWHHNNN
15,"GGTCTC,TTCGAA,GATATC,GATC,TCGCGA,GTCGAC,GCCGGC,GGYRCC,GGCC,CCSGG,CGCG,AATT,AGTACT,CCGC,CGTCTC",19.643687126991235,OPTIMAL,110.71612000465393,BNYWNWSNBWNWRNVWRNRH
16,"GCTAGC,AGGCCT,CCNGG,GGCC,GRGCYC,CTCGAG,GAGCTC,GGWCC,CCWGG,GCGC,GGCC,AGATCT,CYCGRG,CTGCAG,TTATAA,CYCGRG",21.958694739983837,OPTIMAL,8.720575094223022,NNBDDWBNSDDWNNSDDWNN
17,"GGATC,CCRYGG,CTCGAG,ACNGT,GGYRCC,GGCC,RAATTY,CGATCG,TCGCGA,CATCAC,TACGTA,CYCGRG,GATC,GGWCC,CAGNNNCTG,GCWGC,GGCC",22.364159848092005,OPTIMAL,1.7233960628509521,NNHWDNHWDNHWDNHWDNND
18,"GCGC,GATC,CTCTTC,GAAABCC,GGTCTC,GDGCHC,CCNGG,GATC,GGTACC,CCWGG,TTCGAA,GGATCC,CCWGG,GATC,GGCC,CTGCAG,CTGCAG,CTCGAG",22.246376812435617,OPTIMAL,2.509916067123413,NNNWDDHWDNHWDNHWWNNN
19,"C,CCGCGG,WGTACW,GATC,GCAGC,CGTACG,CGTACG,GACNNNNNGTC,GTGCAC,GGTCTC,GGATCC,RGCGCY,GCNGC,GTNNAC,CCGCGG,GRGCYC,TACGTA,TTCGAA,CTGCAG",13.862943611198906,OPTIMAL,0.006203889846801758,WWWWWWWWWWWWWWWWWWWW
20,"GACGTC,GATCAG,YGGCCR,ACATGT,CCGCGG,GTAC,GGNCC,CCGG,GRCGYC,ATCGAT,GATC,GANTC,C,CCWGG,CCGG,GCNGC,GGCC,GCGC,AGCT,GGCGCC",13.862943611198906,OPTIMAL,0.0066831111907958984,WWWWWWWWWWWWWWWWWWWW
